source_row,areacd,areanm,period,value
1,E06000001,Hartlepool,2026-01-01,96.9
2,E06000002,Middlesbrough,2026-01-01,94.6
3,E06000003,Redcar and Cleveland,2026-01-01,90.2
4,E06000004,Stockton-on-Tees,2026-01-01,92
5,E06000005,Darlington,2026-01-01,92.7
6,E06000006,Halton,2026-01-01,96
7,E06000007,Warrington,2026-01-01,96
8,E06000008,Blackburn with Darwen,2026-01-01,92.5
9,E06000009,Blackpool,2026-01-01,93.6
10,E06000010,"Kingston upon Hull, City of",2026-01-01,99.6
11,E06000011,East Riding of Yorkshire,2026-01-01,94.5
12,E06000012,North East Lincolnshire,2026-01-01,94.2
13,E06000013,North Lincolnshire,2026-01-01,93.8
14,E06000014,York,2026-01-01,90.3
15,E06000015,Derby,2026-01-01,97.5
16,E06000016,Leicester,2026-01-01,97.6
17,E06000017,Rutland,2026-01-01,78.8
18,E06000018,Nottingham,2026-01-01,96.8
19,E06000019,"Herefordshire, County of",2026-01-01,82.3
20,E06000020,Telford and Wrekin,2026-01-01,87.1
21,E06000021,Stoke-on-Trent,2026-01-01,94
22,E06000022,Bath and North East Somerset,2026-01-01,79.3
23,E06000023,"Bristol, City of",2026-01-01,94.1
24,E06000024,North Somerset,2026-01-01,89.4
25,E06000025,South Gloucestershire,2026-01-01,85.4
26,E06000026,Plymouth,2026-01-01,93.8
27,E06000027,Torbay,2026-01-01,87.8
28,E06000030,Swindon,2026-01-01,96.9
29,E06000031,Peterborough,2026-01-01,95.8
30,E06000032,Luton,2026-01-01,98.1
31,E06000033,Southend-on-Sea,2026-01-01,98.3
32,E06000034,Thurrock,2026-01-01,92.8
33,E06000035,Medway,2026-01-01,90.4
34,E06000036,Bracknell Forest,2026-01-01,97.2
35,E06000037,West Berkshire,2026-01-01,87.8
36,E06000038,Reading,2026-01-01,96.4
37,E06000039,Slough,2026-01-01,96.9
38,E06000040,Windsor and Maidenhead,2026-01-01,85.8
39,E06000041,Wokingham,2026-01-01,93.8
40,E06000042,Milton Keynes,2026-01-01,96.4
41,E06000043,Brighton and Hove,2026-01-01,86.7
42,E06000044,Portsmouth,2026-01-01,96.9
43,E06000045,Southampton,2026-01-01,97
44,E06000046,Isle of Wight,2026-01-01,87
45,E06000047,County Durham,2026-01-01,85.4
46,E06000049,Cheshire East,2026-01-01,83.7
47,E06000050,Cheshire West and Chester,2026-01-01,88.3
48,E06000051,Shropshire,2026-01-01,74.6
49,E06000052,Cornwall,2026-01-01,66
50,E06000053,Isles of Scilly,2026-01-01,50.2
