UPRN,postcode,current_gigabit,future_gigabit,bduk_recognised_premises,lot_id,lot_name,local_authority_district_ons_code,local_authority_district_ons,region_ons_code,region_ons
10023108378,BA1 1AR,true,false,true,6,Devon & Somerset,E06000022,Bath and North East Somerset,E12000009,South West
10001148313,BA1 1EN,true,false,false,6,Devon & Somerset,E06000022,Bath and North East Somerset,E12000009,South West
100121170104,BA1 1RG,true,false,true,6,Devon & Somerset,E06000022,Bath and North East Somerset,E12000009,South West
10001138641,BA1 2EU,true,false,true,6,Devon & Somerset,E06000022,Bath and North East Somerset,E12000009,South West
10001134282,BA1 2JU,true,true,false,6,Devon & Somerset,E06000022,Bath and North East Somerset,E12000009,South West
10001138944,BA1 2PR,true,true,true,6,Devon & Somerset,E06000022,Bath and North East Somerset,E12000009,South West
100121171079,BA1 2SX,true,true,true,6,Devon & Somerset,E06000022,Bath and North East Somerset,E12000009,South West
100120007349,BA1 2YE,true,true,true,6,Devon & Somerset,E06000022,Bath and North East Somerset,E12000009,South West
100120007357,BA1 2YE,true,true,true,6,Devon & Somerset,E06000022,Bath and North East Somerset,E12000009,South West
100121171653,BA1 3ED,true,false,false,6,Devon & Somerset,E06000022,Bath and North East Somerset,E12000009,South West
100120006245,BA1 3EW,true,true,true,6,Devon & Somerset,E06000022,Bath and North East Somerset,E12000009,South West
100120050754,BA1 4EW,true,false,true,6,Devon & Somerset,E06000022,Bath and North East Somerset,E12000009,South West
10001136589,BA1 5BD,true,true,true,6,Devon & Somerset,E06000022,Bath and North East Somerset,E12000009,South West
100120012061,BA1 5NB,true,true,true,6,Devon & Somerset,E06000022,Bath and North East Somerset,E12000009,South West
100120025786,BA1 6DY,true,true,true,6,Devon & Somerset,E06000022,Bath and North East Somerset,E12000009,South West
10001135025,BA1 6ET,true,false,true,6,Devon & Somerset,E06000022,Bath and North East Somerset,E12000009,South West
10001136774,BA1 6HY,true,true,true,6,Devon & Somerset,E06000022,Bath and North East Somerset,E12000009,South West
100120046701,BA1 6RU,true,true,true,6,Devon & Somerset,E06000022,Bath and North East Somerset,E12000009,South West
100120007603,BA1 6SG,true,true,true,6,Devon & Somerset,E06000022,Bath and North East Somerset,E12000009,South West
100120007561,BA1 6SW,true,true,true,6,Devon & Somerset,E06000022,Bath and North East Somerset,E12000009,South West
100120007586,BA1 6SW,true,true,true,6,Devon & Somerset,E06000022,Bath and North East Somerset,E12000009,South West
100121173492,BA1 7NW,true,true,true,6,Devon & Somerset,E06000022,Bath and North East Somerset,E12000009,South West
100120046316,BA2 0BH,true,true,true,6,Devon & Somerset,E06000022,Bath and North East Somerset,E12000009,South West
100120042614,BA2 0BZ,true,true,true,6,Devon & Somerset,E06000022,Bath and North East Somerset,E12000009,South West
100120027260,BA2 0HB,true,false,true,6,Devon & Somerset,E06000022,Bath and North East Somerset,E12000009,South West
10001146039,BA2 0NR,true,true,true,6,Devon & Somerset,E06000022,Bath and North East Somerset,E12000009,South West
100120010922,BA2 1DR,true,true,true,6,Devon & Somerset,E06000022,Bath and North East Somerset,E12000009,South West
100120019517,BA2 1HZ,true,true,true,6,Devon & Somerset,E06000022,Bath and North East Somerset,E12000009,South West
100120020419,BA2 1JX,true,true,true,6,Devon & Somerset,E06000022,Bath and North East Somerset,E12000009,South West
10001130900,BA2 1SA,true,true,true,6,Devon & Somerset,E06000022,Bath and North East Somerset,E12000009,South West
100120002780,BA2 2BG,true,false,true,6,Devon & Somerset,E06000022,Bath and North East Somerset,E12000009,South West
100120031686,BA2 2EB,true,true,true,6,Devon & Somerset,E06000022,Bath and North East Somerset,E12000009,South West
10001129126,BA2 2HE,true,false,true,6,Devon & Somerset,E06000022,Bath and North East Somerset,E12000009,South West
100120013094,BA2 2JE,true,false,true,6,Devon & Somerset,E06000022,Bath and North East Somerset,E12000009,South West
100120006725,BA2 2JT,true,true,true,6,Devon & Somerset,E06000022,Bath and North East Somerset,E12000009,South West
100120026653,BA2 2PG,true,false,true,6,Devon & Somerset,E06000022,Bath and North East Somerset,E12000009,South West
10023112820,BA2 2QB,true,false,true,6,Devon & Somerset,E06000022,Bath and North East Somerset,E12000009,South West
100120006181,BA2 2SD,true,false,true,6,Devon & Somerset,E06000022,Bath and North East Somerset,E12000009,South West
10001128725,BA2 3AN,true,false,false,6,Devon & Somerset,E06000022,Bath and North East Somerset,E12000009,South West
100120032050,BA2 3LF,true,true,true,6,Devon & Somerset,E06000022,Bath and North East Somerset,E12000009,South West
100120014518,BA2 3NU,true,false,true,6,Devon & Somerset,E06000022,Bath and North East Somerset,E12000009,South West
100120003773,BA2 3RS,true,true,true,6,Devon & Somerset,E06000022,Bath and North East Somerset,E12000009,South West
100120026823,BA2 3RW,true,true,true,6,Devon & Somerset,E06000022,Bath and North East Somerset,E12000009,South West
10001144120,BA2 5HG,true,true,true,6,Devon & Somerset,E06000022,Bath and North East Somerset,E12000009,South West
10001144121,BA2 5HG,true,true,true,6,Devon & Somerset,E06000022,Bath and North East Somerset,E12000009,South West
100120043038,BA2 5JU,true,true,true,6,Devon & Somerset,E06000022,Bath and North East Somerset,E12000009,South West
100120044519,BA2 6BY,true,true,true,6,Devon & Somerset,E06000022,Bath and North East Somerset,E12000009,South West
100120028225,BA2 6BZ,true,true,true,6,Devon & Somerset,E06000022,Bath and North East Somerset,E12000009,South West
10001125485,BA2 7BY,true,true,true,6,Devon & Somerset,E06000022,Bath and North East Somerset,E12000009,South West
100120020285,BA2 7HW,true,true,true,6,Devon & Somerset,E06000022,Bath and North East Somerset,E12000009,South West
