uprn,struprn,bduk_recognised_premises,country,postcode,lot_id,lot_name,subsidy_control_status,current_gigabit,future_gigabit,local_authority_district_ons_code,local_authority_district_ons,region_ons_code,region_ons,bduk_gis
44010201,str44010201,true,England,ME1 3HX,29,Kent,Gigabit Grey/Black,true,false,E06000035,Medway,E12000008,South East,false
44078721,str44078721,true,England,ME7 1SR,29,Kent,Gigabit Grey/Black,true,false,E06000035,Medway,E12000008,South East,false
44067584,str44067584,true,England,ME7 1DW,29,Kent,Gigabit Grey/Black,true,false,E06000035,Medway,E12000008,South East,false
44060150,str44060150,true,England,ME5 0AP,29,Kent,Gigabit Grey/Black,true,true,E06000035,Medway,E12000008,South East,false
44058011,str44058011,true,England,ME5 8UH,29,Kent,Gigabit Grey/Black,true,false,E06000035,Medway,E12000008,South East,false
44083451,str44083451,true,England,ME3 8TW,29,Kent,Gigabit Grey/Black,true,false,E06000035,Medway,E12000008,South East,false
44031150,str44031150,true,England,ME5 0QE,29,Kent,Gigabit Grey/Black,true,false,E06000035,Medway,E12000008,South East,false
100061263459,str100061263459,true,England,ME8 0DT,29,Kent,Gigabit Grey/Black,true,false,E06000035,Medway,E12000008,South East,false
44085580,str44085580,true,England,ME8 0QD,29,Kent,Gigabit Grey/Black,true,false,E06000035,Medway,E12000008,South East,false
100061256684,str100061256684,true,England,ME8 9TG,29,Kent,Gigabit Grey/Black,true,false,E06000035,Medway,E12000008,South East,false
100061299783,str100061299783,true,England,ME2 3TJ,29,Kent,Gigabit Grey/Black,true,false,E06000035,Medway,E12000008,South East,false
100061283741,str100061283741,true,England,ME2 3PX,29,Kent,Gigabit Grey/Black,true,false,E06000035,Medway,E12000008,South East,false
44100793,str44100793,true,England,ME8 8JT,29,Kent,Gigabit Grey/Black,true,false,E06000035,Medway,E12000008,South East,false
44079997,str44079997,true,England,ME7 2PH,29,Kent,Gigabit Grey/Black,true,false,E06000035,Medway,E12000008,South East,false
100061294018,str100061294018,true,England,ME2 2LE,29,Kent,Gigabit Grey/Black,true,false,E06000035,Medway,E12000008,South East,false
100061288023,str100061288023,true,England,ME3 9JX,29,Kent,Gigabit Grey/Black,true,false,E06000035,Medway,E12000008,South East,false
44059846,str44059846,true,England,ME5 8LH,29,Kent,Gigabit Grey/Black,true,false,E06000035,Medway,E12000008,South East,false
44072517,str44072517,true,England,ME7 1RB,29,Kent,Gigabit Grey/Black,true,false,E06000035,Medway,E12000008,South East,false
44066763,str44066763,true,England,ME7 5XX,29,Kent,Gigabit Grey/Black,true,true,E06000035,Medway,E12000008,South East,false
44089820,str44089820,true,England,ME8 0LP,29,Kent,Gigabit Grey/Black,true,false,E06000035,Medway,E12000008,South East,false
100061280019,str100061280019,true,England,ME3 9HT,29,Kent,Gigabit Grey/Black,true,false,E06000035,Medway,E12000008,South East,false
44097306,str44097306,true,England,ME8 6RN,29,Kent,Gigabit Grey/Black,true,false,E06000035,Medway,E12000008,South East,false
44047620,str44047620,true,England,ME5 0DQ,29,Kent,Gigabit Grey/Black,true,false,E06000035,Medway,E12000008,South East,false
100061271928,str100061271928,true,England,ME8 8ER,29,Kent,Gigabit Grey/Black,true,false,E06000035,Medway,E12000008,South East,false
44014103,str44014103,true,England,ME1 2FE,29,Kent,Gigabit Grey/Black,true,false,E06000035,Medway,E12000008,South East,false
44048582,str44048582,true,England,ME5 0JY,29,Kent,Gigabit Grey/Black,true,false,E06000035,Medway,E12000008,South East,false
44097190,str44097190,true,England,ME8 6QZ,29,Kent,Gigabit Grey/Black,true,false,E06000035,Medway,E12000008,South East,false
44036340,str44036340,true,England,ME4 5UR,29,Kent,Gigabit Grey/Black,true,false,E06000035,Medway,E12000008,South East,false
44031844,str44031844,true,England,ME5 0PT,29,Kent,Gigabit Grey/Black,true,false,E06000035,Medway,E12000008,South East,false
44096452,str44096452,true,England,ME8 7AD,29,Kent,Gigabit Grey/Black,true,false,E06000035,Medway,E12000008,South East,false
100061262400,str100061262400,true,England,ME8 9JW,29,Kent,Gigabit Grey/Black,true,false,E06000035,Medway,E12000008,South East,false
44024064,str44024064,true,England,ME1 2DF,29,Kent,Gigabit Grey/Black,true,false,E06000035,Medway,E12000008,South East,false
44008299,str44008299,true,England,ME1 1QD,29,Kent,Gigabit Grey/Black,true,false,E06000035,Medway,E12000008,South East,false
100061254295,str100061254295,true,England,ME8 7PZ,29,Kent,Gigabit Grey/Black,true,false,E06000035,Medway,E12000008,South East,false
44023770,str44023770,true,England,ME1 2AL,29,Kent,Gigabit Grey/Black,true,false,E06000035,Medway,E12000008,South East,false
44097085,str44097085,true,England,ME8 6NF,29,Kent,Gigabit Grey/Black,true,false,E06000035,Medway,E12000008,South East,false
44053150,str44053150,true,England,ME7 1GP,29,Kent,Gigabit Grey/Black,true,false,E06000035,Medway,E12000008,South East,false
44073421,str44073421,true,England,ME8 7DD,29,Kent,Gigabit Grey/Black,true,false,E06000035,Medway,E12000008,South East,false
44057218,str44057218,true,England,ME5 8PX,29,Kent,Gigabit Grey/Black,true,false,E06000035,Medway,E12000008,South East,false
44005557,str44005557,true,England,ME4 5AA,29,Kent,Gigabit Grey/Black,true,false,E06000035,Medway,E12000008,South East,false
44053052,str44053052,true,England,ME4 5LJ,29,Kent,Gigabit Grey/Black,true,false,E06000035,Medway,E12000008,South East,false
44058106,str44058106,true,England,ME5 8UL,29,Kent,Gigabit Grey/Black,true,false,E06000035,Medway,E12000008,South East,false
100061272919,str100061272919,true,England,ME8 0EP,29,Kent,Gigabit Grey/Black,true,false,E06000035,Medway,E12000008,South East,false
44066982,str44066982,true,England,ME1 1GL,29,Kent,Gigabit Grey/Black,true,false,E06000035,Medway,E12000008,South East,false
44077534,str44077534,true,England,ME7 2JE,29,Kent,Gigabit Grey/Black,true,false,E06000035,Medway,E12000008,South East,false
44080597,str44080597,true,England,ME7 2QU,29,Kent,Gigabit Grey/Black,true,false,E06000035,Medway,E12000008,South East,false
100061270470,str100061270470,true,England,ME8 8EH,29,Kent,Gigabit Grey/Black,true,false,E06000035,Medway,E12000008,South East,false
44083238,str44083238,true,England,ME3 8SU,29,Kent,Gigabit Grey/Black,true,false,E06000035,Medway,E12000008,South East,false
100061281181,str100061281181,true,England,ME1 2QL,29,Kent,Gigabit Grey/Black,true,false,E06000035,Medway,E12000008,South East,false
44021570,str44021570,true,England,ME1 2QA,29,Kent,Gigabit Grey/Black,true,false,E06000035,Medway,E12000008,South East,false
