row_id,parcel_ref,source_url,source_title,source_verification_score_4,accuracy_score_4,confidence_percent,integration_status,geometry_status,needs_manual_review
14,14804518,https://www.onthemarket.com/details/12270213/,"Penhalvean, Redruth Land for sale - £175,000",3.25,3.25,81,source_verified_batch_117,geometry_not_asserted_source_only,true
15,14804518,https://www.onthemarket.com/details/12270280/,"Penhalvean, Redruth Land for sale - £175,000",3.25,3.25,81,source_verified_batch_117,geometry_not_asserted_source_only,true
16,15113460,https://www.onthemarket.com/details/12378722/,"Chapel, Launceston Plot for sale - £550,000",3.25,3.25,81,source_verified_batch_117,geometry_not_asserted_source_only,true
17,14758281,https://www.onthemarket.com/details/12529118/,"Cockwells, Ludgvan - between St Ives and Penzance Plot for sale - £575,000",3.25,3.25,81,source_verified_batch_117,geometry_not_asserted_source_only,true
23,21343622,https://www.onthemarket.com/details/12672213/,"MANOR PARK, HART VILLAGE Land for sale - £180,000",3.25,3.25,81,source_verified_batch_117,geometry_not_asserted_source_only,true
25,26806686,https://www.onthemarket.com/details/12672566/,"LAND AT MAINSFORTH VILLAGE, MAINSFORTH Land for sale - £130,000",3.25,3.25,81,source_verified_batch_117,geometry_not_asserted_source_only,true
26,20663003,https://www.onthemarket.com/details/12755995/,"Development site, Lower Barn Street, Off Cranberry Lane, Darwen Land for sale - £205,000",3.25,3.25,81,source_verified_batch_117,geometry_not_asserted_source_only,true
27,61873042,https://www.onthemarket.com/details/12798186/,"The Tynings, Westbury Land for sale - £95,000",3.25,3.25,81,source_verified_batch_117,geometry_not_asserted_source_only,true
30,14979849,https://www.onthemarket.com/details/12858631/,"Holmbush Road, St Austell Plot - £114,500",3.0,3.0,75,source_verified_batch_117,geometry_not_asserted_source_only,true
