source_row,uprn,postcode,current_gigabit,future_gigabit,local_authority_district_ons_code,local_authority_district_ons,region_ons_code,region_ons,lot_id,lot_name
1,10007455554,BH23 7AU,true,false,E07000091,New Forest,E12000008,South East,27,Hampshire
2,10093935305,BH23 7BQ,true,false,E07000091,New Forest,E12000008,South East,27,Hampshire
3,10007455757,BH23 7EE,true,false,E07000091,New Forest,E12000008,South East,27,Hampshire
4,10093933922,BH23 7EF,true,false,E07000091,New Forest,E12000008,South East,27,Hampshire
5,100060470306,BH23 8AJ,true,false,E07000091,New Forest,E12000008,South East,27,Hampshire
6,100060469336,BH23 8AW,true,false,E07000091,New Forest,E12000008,South East,27,Hampshire
7,100060469958,BH23 8BB,true,false,E07000091,New Forest,E12000008,South East,27,Hampshire
8,10013640388,BH23 8BD,true,false,E07000091,New Forest,E12000008,South East,27,Hampshire
9,100060470656,BH23 8BJ,true,false,E07000091,New Forest,E12000008,South East,27,Hampshire
10,100060469463,BH23 8DB,true,false,E07000091,New Forest,E12000008,South East,27,Hampshire
11,10007455521,BH23 8EA,true,false,E07000091,New Forest,E12000008,South East,27,Hampshire
12,10007451410,BH23 8EH,true,false,E07000091,New Forest,E12000008,South East,27,Hampshire
13,10090353492,BH23 8FG,true,false,E07000091,New Forest,E12000008,South East,27,Hampshire
14,100060470445,BH23 8HG,true,false,E07000091,New Forest,E12000008,South East,27,Hampshire
15,100062213114,BH23 8JE,true,false,E07000091,New Forest,E12000008,South East,27,Hampshire
16,10093931289,BH23 8JT,true,false,E07000091,New Forest,E12000008,South East,27,Hampshire
17,10007457264,BH23 8LA,true,false,E07000091,New Forest,E12000008,South East,27,Hampshire
18,100060469889,BH23 8LA,true,false,E07000091,New Forest,E12000008,South East,27,Hampshire
19,100060469253,BH23 8LG,true,false,E07000091,New Forest,E12000008,South East,27,Hampshire
20,100060469399,BH23 8NA,true,false,E07000091,New Forest,E12000008,South East,27,Hampshire
21,100060470714,BH23 8NF,true,false,E07000091,New Forest,E12000008,South East,27,Hampshire
22,10007464284,BH24 1AF,true,true,E07000091,New Forest,E12000008,South East,27,Hampshire
23,100060496126,BH24 1BH,true,true,E07000091,New Forest,E12000008,South East,27,Hampshire
24,100060494154,BH24 1DH,true,false,E07000091,New Forest,E12000008,South East,27,Hampshire
25,100062213476,BH24 1DR,true,false,E07000091,New Forest,E12000008,South East,27,Hampshire
26,100060494478,BH24 1DS,true,false,E07000091,New Forest,E12000008,South East,27,Hampshire
27,10007461596,BH24 1DY,true,true,E07000091,New Forest,E12000008,South East,27,Hampshire
28,100060493840,BH24 1EF,true,true,E07000091,New Forest,E12000008,South East,27,Hampshire
29,10007451021,BH24 1EZ,true,true,E07000091,New Forest,E12000008,South East,27,Hampshire
30,100062004441,BH24 1FF,true,false,E07000091,New Forest,E12000008,South East,27,Hampshire
31,100060497736,BH24 1HU,true,true,E07000091,New Forest,E12000008,South East,27,Hampshire
32,10093934307,BH24 1JF,true,true,E07000091,New Forest,E12000008,South East,27,Hampshire
33,100060494400,BH24 1LD,true,false,E07000091,New Forest,E12000008,South East,27,Hampshire
34,100060496881,BH24 1LS,true,true,E07000091,New Forest,E12000008,South East,27,Hampshire
35,100060496921,BH24 1LX,true,false,E07000091,New Forest,E12000008,South East,27,Hampshire
36,100062213593,BH24 1ND,true,false,E07000091,New Forest,E12000008,South East,27,Hampshire
37,100060493981,BH24 1NE,true,false,E07000091,New Forest,E12000008,South East,27,Hampshire
38,100060497041,BH24 1NF,true,false,E07000091,New Forest,E12000008,South East,27,Hampshire
39,100060495688,BH24 1NQ,true,false,E07000091,New Forest,E12000008,South East,27,Hampshire
40,10007465351,BH24 1NQ,true,false,E07000091,New Forest,E12000008,South East,27,Hampshire
41,100060495687,BH24 1NQ,true,false,E07000091,New Forest,E12000008,South East,27,Hampshire
42,10007466217,BH24 1NQ,true,false,E07000091,New Forest,E12000008,South East,27,Hampshire
43,100060494384,BH24 1NU,true,false,E07000091,New Forest,E12000008,South East,27,Hampshire
44,100060493614,BH24 1NY,true,false,E07000091,New Forest,E12000008,South East,27,Hampshire
45,100062004388,BH24 1PE,true,false,E07000091,New Forest,E12000008,South East,27,Hampshire
46,10007450222,BH24 1PQ,true,false,E07000091,New Forest,E12000008,South East,27,Hampshire
47,100060495057,BH24 1QL,true,false,E07000091,New Forest,E12000008,South East,27,Hampshire
48,100060498209,BH24 1QY,true,false,E07000091,New Forest,E12000008,South East,27,Hampshire
49,100060495471,BH24 1RH,true,false,E07000091,New Forest,E12000008,South East,27,Hampshire
50,100060496586,BH24 1RN,true,false,E07000091,New Forest,E12000008,South East,27,Hampshire
