source_row,uprn,struprn,bduk_recognised_premises,country,postcode,lot_id,lot_name,subsidy_control_status,current_gigabit,future_gigabit,local_authority_district_ons_code,local_authority_district_ons,region_ons_code,region_ons,bduk_vouchers,bduk_vouchers_contract_name,bduk_vouchers_supplier
101,10001126444,str10001126444,true,England,BS39 5XR,6,Devon & Somerset,Gigabit Grey/Black,true,false,E06000022,Bath and North East Somerset,E12000009,South West,false,Not set,Not set
102,100120019575,str100120019575,true,England,BA2 2UT,6,Devon & Somerset,Gigabit Grey/Black,true,false,E06000022,Bath and North East Somerset,E12000009,South West,false,Not set,Not set
103,100120005982,str100120005982,true,England,BA2 8AE,6,Devon & Somerset,Gigabit Grey/Black,true,true,E06000022,Bath and North East Somerset,E12000009,South West,false,Not set,Not set
104,10001133100,str10001133100,true,England,BA2 8JG,6,Devon & Somerset,Gigabit Grey/Black,true,true,E06000022,Bath and North East Somerset,E12000009,South West,false,Not set,Not set
105,100120050594,str100120050594,true,England,BA2 5JX,6,Devon & Somerset,Gigabit Grey/Black,true,false,E06000022,Bath and North East Somerset,E12000009,South West,false,Not set,Not set
106,100120008107,str100120008107,true,England,BA2 5QH,6,Devon & Somerset,Gigabit Grey/Black,true,false,E06000022,Bath and North East Somerset,E12000009,South West,false,Not set,Not set
107,10001146719,str10001146719,true,England,BA3 2DU,6,Devon & Somerset,Gigabit Grey/Black,true,false,E06000022,Bath and North East Somerset,E12000009,South West,false,Not set,Not set
108,10091547627,str10091547627,true,England,BS39 7AR,6,Devon & Somerset,Gigabit Grey/Black,true,false,E06000022,Bath and North East Somerset,E12000009,South West,false,Not set,Not set
109,100120027382,str100120027382,true,England,BA1 6NY,6,Devon & Somerset,Gigabit Grey/Black,true,false,E06000022,Bath and North East Somerset,E12000009,South West,false,Not set,Not set
110,10001149260,str10001149260,true,England,BA1 2QW,6,Devon & Somerset,Gigabit Grey/Black,true,true,E06000022,Bath and North East Somerset,E12000009,South West,false,Not set,Not set
111,100041078997,str100041078997,true,England,BA3 4SB,6,Devon & Somerset,Gigabit Grey/Black,true,false,E06000022,Bath and North East Somerset,E12000009,South West,false,Not set,Not set
112,10001125837,str10001125837,true,England,BA1 5JT,6,Devon & Somerset,Gigabit Grey/Black,true,false,E06000022,Bath and North East Somerset,E12000009,South West,false,Not set,Not set
113,100120016467,str100120016467,true,England,BA1 6RX,6,Devon & Somerset,Gigabit Grey/Black,true,true,E06000022,Bath and North East Somerset,E12000009,South West,false,Not set,Not set
114,100120036482,str100120036482,true,England,BS39 6TW,6,Devon & Somerset,Gigabit Grey/Black,true,false,E06000022,Bath and North East Somerset,E12000009,South West,true,TS1014,TrueSpeed Communications Ltd
115,10001143783,str10001143783,true,England,BA2 8QS,6,Devon & Somerset,Gigabit Grey/Black,true,true,E06000022,Bath and North East Somerset,E12000009,South West,true,TS1033,TrueSpeed Communications Ltd
116,100120018973,str100120018973,true,England,BA2 2LL,6,Devon & Somerset,Gigabit Grey/Black,true,true,E06000022,Bath and North East Somerset,E12000009,South West,false,Not set,Not set
117,10001143029,str10001143029,true,England,BA2 2QG,6,Devon & Somerset,Gigabit Grey/Black,true,false,E06000022,Bath and North East Somerset,E12000009,South West,false,Not set,Not set
118,100120044378,str100120044378,true,England,BA1 3NS,6,Devon & Somerset,Gigabit Grey/Black,true,false,E06000022,Bath and North East Somerset,E12000009,South West,false,Not set,Not set
119,100120027789,str100120027789,true,England,BA2 5DW,6,Devon & Somerset,Gigabit Grey/Black,true,false,E06000022,Bath and North East Somerset,E12000009,South West,false,Not set,Not set
120,10001129345,str10001129345,true,England,BS31 1UJ,6,Devon & Somerset,Gigabit Grey/Black,true,false,E06000022,Bath and North East Somerset,E12000009,South West,false,Not set,Not set
121,100120040981,str100120040981,true,England,BS39 5DR,6,Devon & Somerset,Gigabit Grey/Black,true,false,E06000022,Bath and North East Somerset,E12000009,South West,false,Not set,Not set
122,10093715692,str10093715692,true,England,BA2 3GU,6,Devon & Somerset,Gigabit Grey/Black,true,true,E06000022,Bath and North East Somerset,E12000009,South West,false,Not set,Not set
123,100120016268,str100120016268,true,England,BA3 3YU,6,Devon & Somerset,Gigabit Grey/Black,true,false,E06000022,Bath and North East Somerset,E12000009,South West,false,Not set,Not set
124,100120036613,str100120036613,true,England,BS31 2HJ,6,Devon & Somerset,Gigabit Grey/Black,true,false,E06000022,Bath and North East Somerset,E12000009,South West,false,Not set,Not set
125,100120017915,str100120017915,true,England,BA2 3BY,6,Devon & Somerset,Gigabit Grey/Black,true,false,E06000022,Bath and North East Somerset,E12000009,South West,false,Not set,Not set
126,100120009834,str100120009834,true,England,BA1 6NH,6,Devon & Somerset,Gigabit Grey/Black,true,false,E06000022,Bath and North East Somerset,E12000009,South West,false,Not set,Not set
127,100120009376,str100120009376,true,England,BA2 2EE,6,Devon & Somerset,Gigabit Grey/Black,true,false,E06000022,Bath and North East Somerset,E12000009,South West,false,Not set,Not set
128,100120020976,str100120020976,true,England,BA1 3LE,6,Devon & Somerset,Gigabit Grey/Black,true,true,E06000022,Bath and North East Somerset,E12000009,South West,false,Not set,Not set
129,100121175044,str100121175044,true,England,BA2 4RX,6,Devon & Somerset,Gigabit Grey/Black,true,false,E06000022,Bath and North East Somerset,E12000009,South West,false,Not set,Not set
130,100120015677,str100120015677,true,England,BA1 3QJ,6,Devon & Somerset,Gigabit Grey/Black,true,true,E06000022,Bath and North East Somerset,E12000009,South West,false,Not set,Not set
131,100120008936,str100120008936,true,England,BA2 2LU,6,Devon & Somerset,Gigabit Grey/Black,true,true,E06000022,Bath and North East Somerset,E12000009,South West,false,Not set,Not set
132,10001132822,str10001132822,true,England,BA1 1BP,6,Devon & Somerset,Gigabit Grey/Black,true,true,E06000022,Bath and North East Somerset,E12000009,South West,false,Not set,Not set
133,10001130034,str10001130034,true,England,BA2 1SA,6,Devon & Somerset,Gigabit Grey/Black,true,true,E06000022,Bath and North East Somerset,E12000009,South West,false,Not set,Not set
134,10001143685,str10001143685,true,England,BA2 9HZ,6,Devon & Somerset,Gigabit Grey/Black,true,false,E06000022,Bath and North East Somerset,E12000009,South West,false,Not set,Not set
135,10001133272,str10001133272,true,England,BA1 6SQ,6,Devon & Somerset,Gigabit Grey/Black,true,false,E06000022,Bath and North East Somerset,E12000009,South West,false,Not set,Not set
136,100121171688,str100121171688,false,England,BA1 3LD,6,Devon & Somerset,Gigabit Grey/Black,true,false,E06000022,Bath and North East Somerset,E12000009,South West,false,Not set,Not set
137,100120031826,str100120031826,true,England,BA3 2BX,6,Devon & Somerset,Gigabit Grey/Black,true,false,E06000022,Bath and North East Somerset,E12000009,South West,false,Not set,Not set
138,100120038494,str100120038494,true,England,BS31 1XJ,6,Devon & Somerset,Gigabit Grey/Black,true,false,E06000022,Bath and North East Somerset,E12000009,South West,false,Not set,Not set
139,10001125407,str10001125407,false,England,BA1 5AP,6,Devon & Somerset,Gigabit Grey/Black,true,false,E06000022,Bath and North East Somerset,E12000009,South West,false,Not set,Not set
140,100121171781,str100121171781,true,England,BA1 3BW,6,Devon & Somerset,Gigabit Grey/Black,true,true,E06000022,Bath and North East Somerset,E12000009,South West,false,Not set,Not set
141,10001132475,str10001132475,true,England,BA1 6HW,6,Devon & Somerset,Gigabit Grey/Black,true,false,E06000022,Bath and North East Somerset,E12000009,South West,false,Not set,Not set
142,10091545653,str10091545653,true,England,BS39 5EG,6,Devon & Somerset,Gigabit Grey/Black,true,false,E06000022,Bath and North East Somerset,E12000009,South West,false,Not set,Not set
143,100121179534,str100121179534,true,England,BS39 5XD,6,Devon & Somerset,Gigabit Grey/Black,true,false,E06000022,Bath and North East Somerset,E12000009,South West,false,Not set,Not set
144,10001125304,str10001125304,true,England,BA1 1JB,6,Devon & Somerset,Gigabit Grey/Black,true,false,E06000022,Bath and North East Somerset,E12000009,South West,false,Not set,Not set
145,100120048222,str100120048222,true,England,BA1 3PT,6,Devon & Somerset,Gigabit Grey/Black,true,true,E06000022,Bath and North East Somerset,E12000009,South West,false,Not set,Not set
146,100120051990,str100120051990,true,England,BS39 7NX,6,Devon & Somerset,Gigabit Grey/Black,true,false,E06000022,Bath and North East Somerset,E12000009,South West,false,Not set,Not set
147,10091547895,str10091547895,true,England,BS31 2FN,6,Devon & Somerset,Gigabit Grey/Black,true,false,E06000022,Bath and North East Somerset,E12000009,South West,false,Not set,Not set
148,10023109911,str10023109911,true,England,BA1 3PX,6,Devon & Somerset,Gigabit Grey/Black,true,true,E06000022,Bath and North East Somerset,E12000009,South West,false,Not set,Not set
149,10094953851,str10094953851,true,England,BA3 2UR,6,Devon & Somerset,Gigabit Grey/Black,true,false,E06000022,Bath and North East Somerset,E12000009,South West,false,Not set,Not set
150,100121177872,str100121177872,true,England,BA3 3JE,6,Devon & Somerset,Gigabit Grey/Black,true,false,E06000022,Bath and North East Somerset,E12000009,South West,false,Not set,Not set
