uprn,postcode,current_gigabit,future_gigabit,subsidy_control_status,local_authority_district_ons_code,local_authority_district_ons,region_ons_code,region_ons
44010201,ME1 3HX,true,false,Gigabit Grey/Black,E06000035,Medway,E12000008,South East
44078721,ME7 1SR,true,false,Gigabit Grey/Black,E06000035,Medway,E12000008,South East
44067584,ME7 1DW,true,false,Gigabit Grey/Black,E06000035,Medway,E12000008,South East
44060150,ME5 0AP,true,true,Gigabit Grey/Black,E06000035,Medway,E12000008,South East
44058011,ME5 8UH,true,false,Gigabit Grey/Black,E06000035,Medway,E12000008,South East
44083451,ME3 8TW,true,false,Gigabit Grey/Black,E06000035,Medway,E12000008,South East
44031150,ME5 0QE,true,false,Gigabit Grey/Black,E06000035,Medway,E12000008,South East
100061263459,ME8 0DT,true,false,Gigabit Grey/Black,E06000035,Medway,E12000008,South East
44085580,ME8 0QD,true,false,Gigabit Grey/Black,E06000035,Medway,E12000008,South East
100061256684,ME8 9TG,true,false,Gigabit Grey/Black,E06000035,Medway,E12000008,South East
100061299783,ME2 3TJ,true,false,Gigabit Grey/Black,E06000035,Medway,E12000008,South East
100061283741,ME2 3PX,true,false,Gigabit Grey/Black,E06000035,Medway,E12000008,South East
44100793,ME8 8JT,true,false,Gigabit Grey/Black,E06000035,Medway,E12000008,South East
44079997,ME7 2PH,true,false,Gigabit Grey/Black,E06000035,Medway,E12000008,South East
100061294018,ME2 2LE,true,false,Gigabit Grey/Black,E06000035,Medway,E12000008,South East
100061288023,ME3 9JX,true,false,Gigabit Grey/Black,E06000035,Medway,E12000008,South East
44059846,ME5 8LH,true,false,Gigabit Grey/Black,E06000035,Medway,E12000008,South East
44072517,ME7 1RB,true,false,Gigabit Grey/Black,E06000035,Medway,E12000008,South East
44066763,ME7 5XX,true,true,Gigabit Grey/Black,E06000035,Medway,E12000008,South East
44089820,ME8 0LP,true,false,Gigabit Grey/Black,E06000035,Medway,E12000008,South East
100061280019,ME3 9HT,true,false,Gigabit Grey/Black,E06000035,Medway,E12000008,South East
44097306,ME8 6RN,true,false,Gigabit Grey/Black,E06000035,Medway,E12000008,South East
44047620,ME5 0DQ,true,false,Gigabit Grey/Black,E06000035,Medway,E12000008,South East
100061271928,ME8 8ER,true,false,Gigabit Grey/Black,E06000035,Medway,E12000008,South East
44014103,ME1 2FE,true,false,Gigabit Grey/Black,E06000035,Medway,E12000008,South East
44048582,ME5 0JY,true,false,Gigabit Grey/Black,E06000035,Medway,E12000008,South East
44097190,ME8 6QZ,true,false,Gigabit Grey/Black,E06000035,Medway,E12000008,South East
44036340,ME4 5UR,true,false,Gigabit Grey/Black,E06000035,Medway,E12000008,South East
44031844,ME5 0PT,true,false,Gigabit Grey/Black,E06000035,Medway,E12000008,South East
44096452,ME8 7AD,true,false,Gigabit Grey/Black,E06000035,Medway,E12000008,South East
100061262400,ME8 9JW,true,false,Gigabit Grey/Black,E06000035,Medway,E12000008,South East
44024064,ME1 2DF,true,false,Gigabit Grey/Black,E06000035,Medway,E12000008,South East
44008299,ME1 1QD,true,false,Gigabit Grey/Black,E06000035,Medway,E12000008,South East
100061254295,ME8 7PZ,true,false,Gigabit Grey/Black,E06000035,Medway,E12000008,South East
44023770,ME1 2AL,true,false,Gigabit Grey/Black,E06000035,Medway,E12000008,South East
44097085,ME8 6NF,true,false,Gigabit Grey/Black,E06000035,Medway,E12000008,South East
44053150,ME7 1GP,true,false,Gigabit Grey/Black,E06000035,Medway,E12000008,South East
44073421,ME8 7DD,true,false,Gigabit Grey/Black,E06000035,Medway,E12000008,South East
44057218,ME5 8PX,true,false,Gigabit Grey/Black,E06000035,Medway,E12000008,South East
44005557,ME4 5AA,true,false,Gigabit Grey/Black,E06000035,Medway,E12000008,South East
44053052,ME4 5LJ,true,false,Gigabit Grey/Black,E06000035,Medway,E12000008,South East
44058106,ME5 8UL,true,false,Gigabit Grey/Black,E06000035,Medway,E12000008,South East
100061272919,ME8 0EP,true,false,Gigabit Grey/Black,E06000035,Medway,E12000008,South East
44066982,ME1 1GL,true,false,Gigabit Grey/Black,E06000035,Medway,E12000008,South East
44077534,ME7 2JE,true,false,Gigabit Grey/Black,E06000035,Medway,E12000008,South East
44080597,ME7 2QU,true,false,Gigabit Grey/Black,E06000035,Medway,E12000008,South East
100061270470,ME8 8EH,true,false,Gigabit Grey/Black,E06000035,Medway,E12000008,South East
44083238,ME3 8SU,true,false,Gigabit Grey/Black,E06000035,Medway,E12000008,South East
100061281181,ME1 2QL,true,false,Gigabit Grey/Black,E06000035,Medway,E12000008,South East
44021570,ME1 2QA,true,false,Gigabit Grey/Black,E06000035,Medway,E12000008,South East
