areacd,areanm,geography,indicator,period,observation,measure,unit,lci_95,uci_95,status,notes
E06000002,Middlesbrough,County or Unitary Authority,Greenhouse gas emissions,2016-01-01/P1Y,5.49,Emissions (tCO2e) per capita,Tonnes of CO2 equivalent,,,,
E06000002,Middlesbrough,County or Unitary Authority,Greenhouse gas emissions,2023-01-01/P1Y,4.25,Emissions (tCO2e) per capita,Tonnes of CO2 equivalent,,,,
E06000002,Middlesbrough,County or Unitary Authority,Greenhouse gas emissions,2022-01-01/P1Y,4.47,Emissions (tCO2e) per capita,Tonnes of CO2 equivalent,,,,
E06000002,Middlesbrough,County or Unitary Authority,Greenhouse gas emissions,2021-01-01/P1Y,4.62,Emissions (tCO2e) per capita,Tonnes of CO2 equivalent,,,,
E06000002,Middlesbrough,County or Unitary Authority,Greenhouse gas emissions,2020-01-01/P1Y,4.61,Emissions (tCO2e) per capita,Tonnes of CO2 equivalent,,,,
E06000002,Middlesbrough,County or Unitary Authority,Greenhouse gas emissions,2019-01-01/P1Y,5.21,Emissions (tCO2e) per capita,Tonnes of CO2 equivalent,,,,
E06000002,Middlesbrough,County or Unitary Authority,Greenhouse gas emissions,2018-01-01/P1Y,5.4,Emissions (tCO2e) per capita,Tonnes of CO2 equivalent,,,,
E06000002,Middlesbrough,County or Unitary Authority,Greenhouse gas emissions,2017-01-01/P1Y,5.17,Emissions (tCO2e) per capita,Tonnes of CO2 equivalent,,,,
E06000002,Middlesbrough,County or Unitary Authority,Greenhouse gas emissions,2015-01-01/P1Y,6.05,Emissions (tCO2e) per capita,Tonnes of CO2 equivalent,,,,
E06000002,Middlesbrough,County or Unitary Authority,Greenhouse gas emissions,2024-01-01/P1Y,4.54,Emissions (tCO2e) per capita,Tonnes of CO2 equivalent,,,,
E06000002,Middlesbrough,County or Unitary Authority,Greenhouse gas emissions,2013-01-01/P1Y,6.48,Emissions (tCO2e) per capita,Tonnes of CO2 equivalent,,,,
E06000002,Middlesbrough,County or Unitary Authority,Greenhouse gas emissions,2005-01-01/P1Y,8.55,Emissions (tCO2e) per capita,Tonnes of CO2 equivalent,,,,
E06000002,Middlesbrough,County or Unitary Authority,Greenhouse gas emissions,2006-01-01/P1Y,8.53,Emissions (tCO2e) per capita,Tonnes of CO2 equivalent,,,,
E06000002,Middlesbrough,County or Unitary Authority,Greenhouse gas emissions,2007-01-01/P1Y,8.95,Emissions (tCO2e) per capita,Tonnes of CO2 equivalent,,,,
E06000002,Middlesbrough,County or Unitary Authority,Greenhouse gas emissions,2008-01-01/P1Y,7.99,Emissions (tCO2e) per capita,Tonnes of CO2 equivalent,,,,
E06000002,Middlesbrough,County or Unitary Authority,Greenhouse gas emissions,2014-01-01/P1Y,5.93,Emissions (tCO2e) per capita,Tonnes of CO2 equivalent,,,,
E06000002,Middlesbrough,County or Unitary Authority,Greenhouse gas emissions,2010-01-01/P1Y,7.3,Emissions (tCO2e) per capita,Tonnes of CO2 equivalent,,,,
E06000002,Middlesbrough,County or Unitary Authority,Greenhouse gas emissions,2011-01-01/P1Y,6.76,Emissions (tCO2e) per capita,Tonnes of CO2 equivalent,,,,
E06000002,Middlesbrough,County or Unitary Authority,Greenhouse gas emissions,2012-01-01/P1Y,7.2,Emissions (tCO2e) per capita,Tonnes of CO2 equivalent,,,,
E06000002,Middlesbrough,County or Unitary Authority,Greenhouse gas emissions,2009-01-01/P1Y,7.25,Emissions (tCO2e) per capita,Tonnes of CO2 equivalent,,,,
E06000057,Northumberland,County or Unitary Authority,Greenhouse gas emissions,2015-01-01/P1Y,7.51,Emissions (tCO2e) per capita,Tonnes of CO2 equivalent,,,,
E06000057,Northumberland,County or Unitary Authority,Greenhouse gas emissions,2023-01-01/P1Y,5.43,Emissions (tCO2e) per capita,Tonnes of CO2 equivalent,,,,
E06000057,Northumberland,County or Unitary Authority,Greenhouse gas emissions,2022-01-01/P1Y,5.68,Emissions (tCO2e) per capita,Tonnes of CO2 equivalent,,,,
E06000057,Northumberland,County or Unitary Authority,Greenhouse gas emissions,2021-01-01/P1Y,6.06,Emissions (tCO2e) per capita,Tonnes of CO2 equivalent,,,,
E06000057,Northumberland,County or Unitary Authority,Greenhouse gas emissions,2020-01-01/P1Y,5.99,Emissions (tCO2e) per capita,Tonnes of CO2 equivalent,,,,
E06000057,Northumberland,County or Unitary Authority,Greenhouse gas emissions,2019-01-01/P1Y,6.47,Emissions (tCO2e) per capita,Tonnes of CO2 equivalent,,,,
E06000057,Northumberland,County or Unitary Authority,Greenhouse gas emissions,2018-01-01/P1Y,7.06,Emissions (tCO2e) per capita,Tonnes of CO2 equivalent,,,,
E06000057,Northumberland,County or Unitary Authority,Greenhouse gas emissions,2017-01-01/P1Y,7.04,Emissions (tCO2e) per capita,Tonnes of CO2 equivalent,,,,
E06000057,Northumberland,County or Unitary Authority,Greenhouse gas emissions,2016-01-01/P1Y,7.14,Emissions (tCO2e) per capita,Tonnes of CO2 equivalent,,,,
E06000057,Northumberland,County or Unitary Authority,Greenhouse gas emissions,2024-01-01/P1Y,5.23,Emissions (tCO2e) per capita,Tonnes of CO2 equivalent,,,,
E06000057,Northumberland,County or Unitary Authority,Greenhouse gas emissions,2014-01-01/P1Y,7.4,Emissions (tCO2e) per capita,Tonnes of CO2 equivalent,,,,
E06000057,Northumberland,County or Unitary Authority,Greenhouse gas emissions,2012-01-01/P1Y,12.06,Emissions (tCO2e) per capita,Tonnes of CO2 equivalent,,,,
E06000057,Northumberland,County or Unitary Authority,Greenhouse gas emissions,2011-01-01/P1Y,14.01,Emissions (tCO2e) per capita,Tonnes of CO2 equivalent,,,,
E06000057,Northumberland,County or Unitary Authority,Greenhouse gas emissions,2010-01-01/P1Y,14.51,Emissions (tCO2e) per capita,Tonnes of CO2 equivalent,,,,
E06000057,Northumberland,County or Unitary Authority,Greenhouse gas emissions,2009-01-01/P1Y,13.44,Emissions (tCO2e) per capita,Tonnes of CO2 equivalent,,,,
E06000057,Northumberland,County or Unitary Authority,Greenhouse gas emissions,2008-01-01/P1Y,15.9,Emissions (tCO2e) per capita,Tonnes of CO2 equivalent,,,,
E06000057,Northumberland,County or Unitary Authority,Greenhouse gas emissions,2007-01-01/P1Y,16.73,Emissions (tCO2e) per capita,Tonnes of CO2 equivalent,,,,
E06000057,Northumberland,County or Unitary Authority,Greenhouse gas emissions,2006-01-01/P1Y,18.34,Emissions (tCO2e) per capita,Tonnes of CO2 equivalent,,,,
E06000057,Northumberland,County or Unitary Authority,Greenhouse gas emissions,2005-01-01/P1Y,18.96,Emissions (tCO2e) per capita,Tonnes of CO2 equivalent,,,,
E06000057,Northumberland,County or Unitary Authority,Greenhouse gas emissions,2013-01-01/P1Y,8.12,Emissions (tCO2e) per capita,Tonnes of CO2 equivalent,,,,
E06000003,Redcar and Cleveland,County or Unitary Authority,Greenhouse gas emissions,2017-01-01/P1Y,15.57,Emissions (tCO2e) per capita,Tonnes of CO2 equivalent,,,,
E06000003,Redcar and Cleveland,County or Unitary Authority,Greenhouse gas emissions,2018-01-01/P1Y,15.1,Emissions (tCO2e) per capita,Tonnes of CO2 equivalent,,,,
E06000003,Redcar and Cleveland,County or Unitary Authority,Greenhouse gas emissions,2020-01-01/P1Y,12.24,Emissions (tCO2e) per capita,Tonnes of CO2 equivalent,,,,
E06000003,Redcar and Cleveland,County or Unitary Authority,Greenhouse gas emissions,2016-01-01/P1Y,16.19,Emissions (tCO2e) per capita,Tonnes of CO2 equivalent,,,,
E06000003,Redcar and Cleveland,County or Unitary Authority,Greenhouse gas emissions,2022-01-01/P1Y,5.52,Emissions (tCO2e) per capita,Tonnes of CO2 equivalent,,,,
E06000003,Redcar and Cleveland,County or Unitary Authority,Greenhouse gas emissions,2023-01-01/P1Y,4.9,Emissions (tCO2e) per capita,Tonnes of CO2 equivalent,,,,
E06000003,Redcar and Cleveland,County or Unitary Authority,Greenhouse gas emissions,2024-01-01/P1Y,4.82,Emissions (tCO2e) per capita,Tonnes of CO2 equivalent,,,,
E06000003,Redcar and Cleveland,County or Unitary Authority,Greenhouse gas emissions,2021-01-01/P1Y,6.14,Emissions (tCO2e) per capita,Tonnes of CO2 equivalent,,,,
E06000003,Redcar and Cleveland,County or Unitary Authority,Greenhouse gas emissions,2015-01-01/P1Y,50.03,Emissions (tCO2e) per capita,Tonnes of CO2 equivalent,,,,
E06000003,Redcar and Cleveland,County or Unitary Authority,Greenhouse gas emissions,2019-01-01/P1Y,14.39,Emissions (tCO2e) per capita,Tonnes of CO2 equivalent,,,,
