source_row,uprn,struprn,bduk_recognised_premises,country,postcode,lot_id,lot_name,subsidy_control_status,current_gigabit,future_gigabit,local_authority_district_ons_code,local_authority_district_ons,region_ons_code,region_ons
1,44010201,str44010201,True,England,ME1 3HX,29,Kent,Gigabit Grey/Black,True,False,E06000035,Medway,E12000008,South East
2,44078721,str44078721,True,England,ME7 1SR,29,Kent,Gigabit Grey/Black,True,False,E06000035,Medway,E12000008,South East
3,44067584,str44067584,True,England,ME7 1DW,29,Kent,Gigabit Grey/Black,True,False,E06000035,Medway,E12000008,South East
4,44060150,str44060150,True,England,ME5 0AP,29,Kent,Gigabit Grey/Black,True,True,E06000035,Medway,E12000008,South East
5,44058011,str44058011,True,England,ME5 8UH,29,Kent,Gigabit Grey/Black,True,False,E06000035,Medway,E12000008,South East
6,44083451,str44083451,True,England,ME3 8TW,29,Kent,Gigabit Grey/Black,True,False,E06000035,Medway,E12000008,South East
7,44031150,str44031150,True,England,ME5 0QE,29,Kent,Gigabit Grey/Black,True,False,E06000035,Medway,E12000008,South East
8,100061263459,str100061263459,True,England,ME8 0DT,29,Kent,Gigabit Grey/Black,True,False,E06000035,Medway,E12000008,South East
9,44085580,str44085580,True,England,ME8 0QD,29,Kent,Gigabit Grey/Black,True,False,E06000035,Medway,E12000008,South East
10,100061256684,str100061256684,True,England,ME8 9TG,29,Kent,Gigabit Grey/Black,True,False,E06000035,Medway,E12000008,South East
11,100061299783,str100061299783,True,England,ME2 3TJ,29,Kent,Gigabit Grey/Black,True,False,E06000035,Medway,E12000008,South East
12,100061283741,str100061283741,True,England,ME2 3PX,29,Kent,Gigabit Grey/Black,True,False,E06000035,Medway,E12000008,South East
13,44100793,str44100793,True,England,ME8 8JT,29,Kent,Gigabit Grey/Black,True,False,E06000035,Medway,E12000008,South East
14,44079997,str44079997,True,England,ME7 2PH,29,Kent,Gigabit Grey/Black,True,False,E06000035,Medway,E12000008,South East
15,100061294018,str100061294018,True,England,ME2 2LE,29,Kent,Gigabit Grey/Black,True,False,E06000035,Medway,E12000008,South East
16,100061288023,str100061288023,True,England,ME3 9JX,29,Kent,Gigabit Grey/Black,True,False,E06000035,Medway,E12000008,South East
17,44059846,str44059846,True,England,ME5 8LH,29,Kent,Gigabit Grey/Black,True,False,E06000035,Medway,E12000008,South East
18,44072517,str44072517,True,England,ME7 1RB,29,Kent,Gigabit Grey/Black,True,False,E06000035,Medway,E12000008,South East
19,44066763,str44066763,True,England,ME7 5XX,29,Kent,Gigabit Grey/Black,True,True,E06000035,Medway,E12000008,South East
20,44089820,str44089820,True,England,ME8 0LP,29,Kent,Gigabit Grey/Black,True,False,E06000035,Medway,E12000008,South East
21,100061280019,str100061280019,True,England,ME3 9HT,29,Kent,Gigabit Grey/Black,True,False,E06000035,Medway,E12000008,South East
22,44097306,str44097306,True,England,ME8 6RN,29,Kent,Gigabit Grey/Black,True,False,E06000035,Medway,E12000008,South East
23,44047620,str44047620,True,England,ME5 0DQ,29,Kent,Gigabit Grey/Black,True,False,E06000035,Medway,E12000008,South East
24,100061271928,str100061271928,True,England,ME8 8ER,29,Kent,Gigabit Grey/Black,True,False,E06000035,Medway,E12000008,South East
25,44014103,str44014103,True,England,ME1 2FE,29,Kent,Gigabit Grey/Black,True,False,E06000035,Medway,E12000008,South East
26,44048582,str44048582,True,England,ME5 0JY,29,Kent,Gigabit Grey/Black,True,False,E06000035,Medway,E12000008,South East
27,44097190,str44097190,True,England,ME8 6QZ,29,Kent,Gigabit Grey/Black,True,False,E06000035,Medway,E12000008,South East
28,44036340,str44036340,True,England,ME4 5UR,29,Kent,Gigabit Grey/Black,True,False,E06000035,Medway,E12000008,South East
29,44031844,str44031844,True,England,ME5 0PT,29,Kent,Gigabit Grey/Black,True,False,E06000035,Medway,E12000008,South East
30,44096452,str44096452,True,England,ME8 7AD,29,Kent,Gigabit Grey/Black,True,False,E06000035,Medway,E12000008,South East
31,100061262400,str100061262400,True,England,ME8 9JW,29,Kent,Gigabit Grey/Black,True,False,E06000035,Medway,E12000008,South East
32,44024064,str44024064,True,England,ME1 2DF,29,Kent,Gigabit Grey/Black,True,False,E06000035,Medway,E12000008,South East
33,44008299,str44008299,True,England,ME1 1QD,29,Kent,Gigabit Grey/Black,True,False,E06000035,Medway,E12000008,South East
34,100061254295,str100061254295,True,England,ME8 7PZ,29,Kent,Gigabit Grey/Black,True,False,E06000035,Medway,E12000008,South East
35,44023770,str44023770,True,England,ME1 2AL,29,Kent,Gigabit Grey/Black,True,False,E06000035,Medway,E12000008,South East
36,44097085,str44097085,True,England,ME8 6NF,29,Kent,Gigabit Grey/Black,True,False,E06000035,Medway,E12000008,South East
37,44053150,str44053150,True,England,ME7 1GP,29,Kent,Gigabit Grey/Black,True,False,E06000035,Medway,E12000008,South East
38,44073421,str44073421,True,England,ME8 7DD,29,Kent,Gigabit Grey/Black,True,False,E06000035,Medway,E12000008,South East
39,44057218,str44057218,True,England,ME5 8PX,29,Kent,Gigabit Grey/Black,True,False,E06000035,Medway,E12000008,South East
40,44005557,str44005557,True,England,ME4 5AA,29,Kent,Gigabit Grey/Black,True,False,E06000035,Medway,E12000008,South East
41,44053052,str44053052,True,England,ME4 5LJ,29,Kent,Gigabit Grey/Black,True,False,E06000035,Medway,E12000008,South East
42,44058106,str44058106,True,England,ME5 8UL,29,Kent,Gigabit Grey/Black,True,False,E06000035,Medway,E12000008,South East
43,100061272919,str100061272919,True,England,ME8 0EP,29,Kent,Gigabit Grey/Black,True,False,E06000035,Medway,E12000008,South East
44,44066982,str44066982,True,England,ME1 1GL,29,Kent,Gigabit Grey/Black,True,False,E06000035,Medway,E12000008,South East
45,44077534,str44077534,True,England,ME7 2JE,29,Kent,Gigabit Grey/Black,True,False,E06000035,Medway,E12000008,South East
46,44080597,str44080597,True,England,ME7 2QU,29,Kent,Gigabit Grey/Black,True,False,E06000035,Medway,E12000008,South East
47,100061270470,str100061270470,True,England,ME8 8EH,29,Kent,Gigabit Grey/Black,True,False,E06000035,Medway,E12000008,South East
48,44083238,str44083238,True,England,ME3 8SU,29,Kent,Gigabit Grey/Black,True,False,E06000035,Medway,E12000008,South East
49,100061281181,str100061281181,True,England,ME1 2QL,29,Kent,Gigabit Grey/Black,True,False,E06000035,Medway,E12000008,South East
50,44021570,str44021570,True,England,ME1 2QA,29,Kent,Gigabit Grey/Black,True,False,E06000035,Medway,E12000008,South East
