areacd,areanm,period,value
E06000001,Hartlepool,2005-01-01/P1Y,10.84
E06000001,Hartlepool,2006-01-01/P1Y,10.91
E06000001,Hartlepool,2007-01-01/P1Y,10.27
E06000001,Hartlepool,2008-01-01/P1Y,10.36
E06000001,Hartlepool,2009-01-01/P1Y,9.76
E06000001,Hartlepool,2010-01-01/P1Y,10.73
E06000001,Hartlepool,2011-01-01/P1Y,9.51
E06000001,Hartlepool,2012-01-01/P1Y,10.02
E06000001,Hartlepool,2013-01-01/P1Y,10.11
E06000001,Hartlepool,2014-01-01/P1Y,9.4
E06000001,Hartlepool,2015-01-01/P1Y,8.79
E06000001,Hartlepool,2016-01-01/P1Y,7.76
E06000001,Hartlepool,2017-01-01/P1Y,7.9
E06000001,Hartlepool,2018-01-01/P1Y,7.7
E06000001,Hartlepool,2019-01-01/P1Y,7.25
E06000001,Hartlepool,2020-01-01/P1Y,7.09
E06000001,Hartlepool,2021-01-01/P1Y,7.5
E06000001,Hartlepool,2022-01-01/P1Y,6.77
E06000001,Hartlepool,2023-01-01/P1Y,5.97
E06000001,Hartlepool,2024-01-01/P1Y,5.99
E06000002,Middlesbrough,2005-01-01/P1Y,8.55
E06000002,Middlesbrough,2006-01-01/P1Y,8.53
E06000002,Middlesbrough,2007-01-01/P1Y,8.95
E06000002,Middlesbrough,2008-01-01/P1Y,7.99
E06000002,Middlesbrough,2009-01-01/P1Y,7.25
E06000002,Middlesbrough,2010-01-01/P1Y,7.3
E06000002,Middlesbrough,2011-01-01/P1Y,6.76
E06000002,Middlesbrough,2012-01-01/P1Y,7.2
E06000002,Middlesbrough,2013-01-01/P1Y,6.48
E06000002,Middlesbrough,2014-01-01/P1Y,5.93
E06000002,Middlesbrough,2015-01-01/P1Y,6.05
E06000002,Middlesbrough,2016-01-01/P1Y,5.49
E06000002,Middlesbrough,2017-01-01/P1Y,5.17
E06000002,Middlesbrough,2018-01-01/P1Y,5.4
E06000002,Middlesbrough,2019-01-01/P1Y,5.21
E06000002,Middlesbrough,2020-01-01/P1Y,4.61
E06000002,Middlesbrough,2021-01-01/P1Y,4.62
E06000002,Middlesbrough,2022-01-01/P1Y,4.47
E06000002,Middlesbrough,2023-01-01/P1Y,4.25
E06000002,Middlesbrough,2024-01-01/P1Y,4.54
E06000003,Redcar and Cleveland,2005-01-01/P1Y,78.74
E06000003,Redcar and Cleveland,2006-01-01/P1Y,75.48
E06000003,Redcar and Cleveland,2007-01-01/P1Y,77.59
E06000003,Redcar and Cleveland,2008-01-01/P1Y,71.46
E06000003,Redcar and Cleveland,2009-01-01/P1Y,59.46
E06000003,Redcar and Cleveland,2010-01-01/P1Y,27.45
E06000003,Redcar and Cleveland,2011-01-01/P1Y,21.91
E06000003,Redcar and Cleveland,2012-01-01/P1Y,55.56
E06000003,Redcar and Cleveland,2013-01-01/P1Y,67.53
E06000003,Redcar and Cleveland,2014-01-01/P1Y,62.99
