year,cars_and_taxis_million_vehicle_miles,all_motor_vehicles_million_vehicle_miles
2025,312.7,407.3
2024,311.2,404.4
2023,308.6,399.9
2022,304.1,395.0
2021,295.7,383.6
2020,257.6,338.3
2019,328.1,420.4
2018,320.4,412.2
2017,316.4,406.4
2016,320.2,411.5
2015,323.0,404.2
2014,326.4,406.6
2013,328.6,406.5
2012,331.3,409.7
2011,334.5,412.6
2010,341.5,421.2
2009,348.0,429.2
2008,350.6,436.4
2007,351.5,439.3
2006,353.3,436.8
2005,350.8,432.9
2004,350.8,432.0
2003,349.0,429.2
2002,359.8,433.4
2001,362.3,434.7
2000,358.1,428.0
1999,355.3,424.6
1998,350.8,418.2
1997,349.6,415.6
1996,351.3,416.9
1995,345.4,410.4
1994,349.0,412.9
1993,344.9,407.1
