line	uprn	postcode	recognised	current	future	gis	voucher	lad	region	lot
182	10010335803	DE4 4DD	true	true	false	false	true	Derbyshire Dales	East Midlands	Derbyshire
183	10070089662	DE4 4DE	true	true	false	false	true	Derbyshire Dales	East Midlands	Derbyshire
184	10010342146	DE4 4HJ	true	true	false	false	true	Derbyshire Dales	East Midlands	Derbyshire
185	10070085106	DE4 4HL	true	true	false	false	true	Derbyshire Dales	East Midlands	Derbyshire
186	10010339087	DE4 4HN	true	true	false	false	true	Derbyshire Dales	East Midlands	Derbyshire
187	10070084385	DE4 4HW	true	true	false	false	true	Derbyshire Dales	East Midlands	Derbyshire
188	10070095156	DE45 1SR	true	true	false	false	true	Derbyshire Dales	East Midlands	Derbyshire
189	10070108876	DE45 1SR	true	true	false	false	true	Derbyshire Dales	East Midlands	Derbyshire
190	10070084856	DE6 1QB	true	true	false	false	true	Derbyshire Dales	East Midlands	Derbyshire
191	10070084868	DE6 1QB	true	true	false	false	true	Derbyshire Dales	East Midlands	Derbyshire
192	10070084898	DE6 1QJ	true	true	false	false	true	Derbyshire Dales	East Midlands	Derbyshire
193	200000072261	E1 7EE	true	true	true	false	false	City of London	London	Greater London
194	95511762	E1 7HP	true	true	true	false	false	City of London	London	Greater London
195	200000070819	E1 7HY	true	true	true	false	false	City of London	London	Greater London
196	95513499	E1 7LP	true	true	true	false	false	City of London	London	Greater London
197	10092021528	E1 7LS	false	true	true	false	false	City of London	London	Greater London
206	100020000073	EC1A 7ES	true	true	false	false	false	City of London	London	Greater London
207	200000074964	EC1A 7ES	true	true	false	false	false	City of London	London	Greater London
208	100023529273	EC1A 7HH	true	true	false	false	false	City of London	London	Greater London
209	200000074990	EC1A 7HN	true	true	false	false	false	City of London	London	Greater London
210	200000074981	EC1A 7HN	true	true	false	false	false	City of London	London	Greater London
211	100022924700	EC1A 9DS	true	true	false	false	false	City of London	London	Greater London
212	200000070655	EC1A 9DS	true	true	false	false	false	City of London	London	Greater London
213	200000072379	EC1A 9PN	true	true	false	false	false	City of London	London	Greater London
214	95510715	EC1N 2JT	true	true	false	false	false	City of London	London	Greater London
215	200000071433	EC1Y 0RJ	true	true	false	false	false	City of London	London	Greater London
216	200000071877	EC1Y 0RL	true	true	false	false	false	City of London	London	Greater London
217	200000071388	EC1Y 0RN	true	true	false	false	false	City of London	London	Greater London
218	200000071675	EC1Y 0SH	true	true	false	false	false	City of London	London	Greater London
219	200000071597	EC1Y 0SN	true	true	false	false	false	City of London	London	Greater London
232	200000072702	EC2Y 8AY	true	true	false	false	false	City of London	London	Greater London
233	200000072814	EC2Y 8BA	true	true	false	false	false	City of London	London	Greater London
234	200000073597	EC2Y 8BD	true	true	false	false	false	City of London	London	Greater London
235	200000074567	EC2Y 8BL	true	true	false	false	false	City of London	London	Greater London
236	200000074560	EC2Y 8BL	true	true	false	false	false	City of London	London	Greater London
237	200000074639	EC2Y 8BN	true	true	false	false	false	City of London	London	Greater London
238	200000074633	EC2Y 8BN	true	true	false	false	false	City of London	London	Greater London
239	200000073969	EC2Y 8BP	true	true	false	false	false	City of London	London	Greater London
240	200000073973	EC2Y 8BP	true	true	false	false	false	City of London	London	Greater London
241	200000073186	EC2Y 8DE	true	true	false	false	false	City of London	London	Greater London
242	200000073705	EC2Y 8DJ	true	true	false	false	false	City of London	London	Greater London
243	200000073475	EC2Y 8DN	true	true	false	false	false	City of London	London	Greater London
244	200000073129	EC2Y 8DQ	true	true	false	false	false	City of London	London	Greater London
245	200000073933	EC2Y 8NA	true	true	false	false	false	City of London	London	Greater London
246	200000072994	EC2Y 8NH	true	true	false	false	false	City of London	London	Greater London
247	200000072993	EC2Y 8NH	true	true	false	false	false	City of London	London	Greater London
248	200000072974	EC2Y 8NH	true	true	false	false	false	City of London	London	Greater London
249	200000074183	EC2Y 8NJ	true	true	false	false	false	City of London	London	Greater London
250	95512166	EC2Y 9AP	true	true	true	false	false	City of London	London	Greater London
251	95516020	EC3A 7AB	true	true	false	false	false	City of London	London	Greater London
252	100022934736	EC3A 7BE	false	true	false	false	false	City of London	London	Greater London
253	95514838	EC3A 8BG	true	true	false	false	false	City of London	London	Greater London
254	100022934884	EC3M 6BL	true	true	false	false	false	City of London	London	Greater London
255	95515604	EC3N 1JJ	false	true	true	false	false	City of London	London	Greater London
256	95515588	EC3N 1JJ	false	true	true	false	false	City of London	London	Greater London
257	95515629	EC3N 1JJ	false	true	true	false	false	City of London	London	Greater London
258	95500623	EC3N 2NU	true	true	false	false	false	City of London	London	Greater London
259	95500608	EC3N 2NU	true	true	false	false	false	City of London	London	Greater London
266	200000075135	EC4A 1BY	true	true	false	false	false	City of London	London	Greater London
267	95506473	EC4A 1EP	true	true	false	false	false	City of London	London	Greater London
268	200000070985	EC4A 1JQ	true	true	false	false	false	City of London	London	Greater London
269	95510060	EC4A 3BY	true	true	false	false	false	City of London	London	Greater London
270	95511906	EC4A 3EB	true	true	false	false	false	City of London	London	Greater London
271	95516259	EC4M 5SB	true	true	false	false	false	City of London	London	Greater London
272	95505478	EC4M 8AY	true	true	true	false	false	City of London	London	Greater London
273	95505753	EC4M 8BU	false	true	false	false	false	City of London	London	Greater London
274	95510031	EC4M 9BJ	true	true	false	false	false	City of London	London	Greater London
275	95500876	EC4M 9DN	true	true	false	false	false	City of London	London	Greater London
276	10091781337	EC4N 1TX	false	true	false	false	false	City of London	London	Greater London
277	95502580	EC4R 0AW	true	true	false	false	false	City of London	London	Greater London
278	95514692	EC4R 2SU	true	true	false	false	false	City of London	London	Greater London
279	200000069170	EC4V 3EJ	true	true	false	false	false	City of London	London	Greater London
280	200000070482	EC4V 3PN	true	true	false	false	false	City of London	London	Greater London
281	100020000294	EC4V 5EP	true	true	false	false	false	City of London	London	Greater London
293	100030493791	LE16 7RJ	true	true	false	false	true	Harborough	East Midlands	Leicestershire and Warwickshire
294	100030493177	LE16 7RQ	true	true	false	false	true	Harborough	East Midlands	Leicestershire and Warwickshire
295	100032048007	LE16 7SS	true	true	false	false	true	Harborough	East Midlands	Leicestershire and Warwickshire
296	200003739008	LE16 7ST	true	true	false	false	true	Harborough	East Midlands	Leicestershire and Warwickshire
297	100030422244	LE7 4YN	true	true	false	false	true	Charnwood	East Midlands	Leicestershire and Warwickshire
298	10094174235	LE7 4ZJ	false	true	false	false	true	Charnwood	East Midlands	Leicestershire and Warwickshire
299	200003739424	LE8 0PJ	false	true	false	false	true	Harborough	East Midlands	Leicestershire and Warwickshire
396	44023320	ME1 1YQ	true	true	false	false	false	Medway	South East	Kent
397	44024192	ME1 2DS	true	true	false	false	false	Medway	South East	Kent
398	44025054	ME1 2HW	true	true	false	false	false	Medway	South East	Kent
399	44025075	ME1 2HX	true	true	false	false	false	Medway	South East	Kent
400	44019664	ME1 2XB	true	true	false	false	false	Medway	South East	Kent
401	44011554	ME1 3AZ	true	true	false	false	false	Medway	South East	Kent
402	44010107	ME1 3EN	true	true	false	false	false	Medway	South East	Kent
403	44009913	ME1 3HD	true	true	false	false	false	Medway	South East	Kent
404	44034099	ME2 1FP	true	true	false	false	false	Medway	South East	Kent
405	44018505	ME2 2AD	true	true	true	false	false	Medway	South East	Kent
406	100061286788	ME2 2EH	true	true	false	false	false	Medway	South East	Kent
407	100061291539	ME2 2JS	true	true	false	false	false	Medway	South East	Kent
408	100061279709	ME2 2QN	true	true	false	false	false	Medway	South East	Kent
409	100061300942	ME2 2RB	true	true	false	false	false	Medway	South East	Kent
410	100061286201	ME2 2RF	true	true	false	false	false	Medway	South East	Kent
411	100062388554	ME2 2XJ	true	true	false	false	false	Medway	South East	Kent
426	44052571	ME4 3AY	true	true	false	false	false	Medway	South East	Kent
427	44081856	ME4 4AZ	true	true	false	false	false	Medway	South East	Kent
428	44041440	ME4 4XL	true	true	false	false	false	Medway	South East	Kent