"parcel_id","security_score_percent","security_level","accuracy_score_4","accuracy_label_4","changed_in_latest_run","needs_manual_review","change_reason","source_geography_level","source_date","official_source_evidence","ai_assurance_result","confidence_score","spatial_score","weighted_crime_12m","weighted_monthly_avg"
"parcel_1","12,13","Cok Dusuk","4","High confidence verified","True","False","Verified from parcel_security_scores_rechecked_0_120m_spatial.geojson","LSOA","2026-05-01T01:32:47","LSOA E01000090 Barking and Dagenham 020E; spatial_match=parcel_centroid_inside_lsoa_polygon","source_reused_no_fake_data","82,97","100","902,4","75,2"
"parcel_2","12,13","Cok Dusuk","4","High confidence verified","True","False","Verified from parcel_security_scores_rechecked_0_120m_spatial.geojson","LSOA","2026-05-01T01:32:47","LSOA E01000090 Barking and Dagenham 020E; spatial_match=parcel_centroid_inside_lsoa_polygon","source_reused_no_fake_data","82,97","100","902,4","75,2"
"parcel_3","51,31","Orta","4","High confidence verified","True","False","Verified from parcel_security_scores_rechecked_0_120m_spatial.geojson","LSOA","2026-05-01T01:32:47","LSOA E01000073 Barking and Dagenham 012B; spatial_match=parcel_centroid_inside_lsoa_polygon","source_reused_no_fake_data","82,97","100","384,4","32,033333"
"parcel_4","12,13","Cok Dusuk","4","High confidence verified","True","False","Verified from parcel_security_scores_rechecked_0_120m_spatial.geojson","LSOA","2026-05-01T01:32:47","LSOA E01000090 Barking and Dagenham 020E; spatial_match=parcel_centroid_inside_lsoa_polygon","source_reused_no_fake_data","82,97","100","902,4","75,2"
"parcel_5","12,13","Cok Dusuk","4","High confidence verified","True","False","Verified from parcel_security_scores_rechecked_0_120m_spatial.geojson","LSOA","2026-05-01T01:32:47","LSOA E01000090 Barking and Dagenham 020E; spatial_match=parcel_centroid_inside_lsoa_polygon","source_reused_no_fake_data","82,97","100","902,4","75,2"
"parcel_6","12,13","Cok Dusuk","4","High confidence verified","True","False","Verified from parcel_security_scores_rechecked_0_120m_spatial.geojson","LSOA","2026-05-01T01:32:47","LSOA E01000090 Barking and Dagenham 020E; spatial_match=parcel_centroid_inside_lsoa_polygon","source_reused_no_fake_data","82,97","100","902,4","75,2"
"parcel_7","2,53","Cok Dusuk","4","High confidence verified","True","False","Verified from parcel_security_scores_rechecked_0_120m_spatial.geojson","LSOA","2026-05-01T01:32:47","LSOA E01000095 Barking and Dagenham 018E; spatial_match=parcel_centroid_inside_lsoa_polygon","source_reused_no_fake_data","82,97","100","2010,8","167,566667"
"parcel_8","12,13","Cok Dusuk","4","High confidence verified","True","False","Verified from parcel_security_scores_rechecked_0_120m_spatial.geojson","LSOA","2026-05-01T01:32:47","LSOA E01000090 Barking and Dagenham 020E; spatial_match=parcel_centroid_inside_lsoa_polygon","source_reused_no_fake_data","82,97","100","902,4","75,2"
"parcel_9","12,13","Cok Dusuk","4","High confidence verified","True","False","Verified from parcel_security_scores_rechecked_0_120m_spatial.geojson","LSOA","2026-05-01T01:32:47","LSOA E01000090 Barking and Dagenham 020E; spatial_match=parcel_centroid_inside_lsoa_polygon","source_reused_no_fake_data","82,97","100","902,4","75,2"
"parcel_10","12,13","Cok Dusuk","4","High confidence verified","True","False","Verified from parcel_security_scores_rechecked_0_120m_spatial.geojson","LSOA","2026-05-01T01:32:47","LSOA E01000090 Barking and Dagenham 020E; spatial_match=parcel_centroid_inside_lsoa_polygon","source_reused_no_fake_data","82,97","100","902,4","75,2"
"parcel_11","12,13","Cok Dusuk","4","High confidence verified","True","False","Verified from parcel_security_scores_rechecked_0_120m_spatial.geojson","LSOA","2026-05-01T01:32:47","LSOA E01000090 Barking and Dagenham 020E; spatial_match=parcel_centroid_inside_lsoa_polygon","source_reused_no_fake_data","82,97","100","902,4","75,2"
"parcel_12","13,15","Cok Dusuk","4","High confidence verified","True","False","Verified from parcel_security_scores_rechecked_0_120m_spatial.geojson","LSOA","2026-05-01T01:32:47","LSOA E01000087 Barking and Dagenham 020B; spatial_match=parcel_centroid_inside_lsoa_polygon","source_reused_no_fake_data","82,97","100","860,2","71,683333"
"parcel_13","12,13","Cok Dusuk","4","High confidence verified","True","False","Verified from parcel_security_scores_rechecked_0_120m_spatial.geojson","LSOA","2026-05-01T01:32:47","LSOA E01000090 Barking and Dagenham 020E; spatial_match=parcel_centroid_inside_lsoa_polygon","source_reused_no_fake_data","82,97","100","902,4","75,2"
"parcel_14","12,13","Cok Dusuk","4","High confidence verified","True","False","Verified from parcel_security_scores_rechecked_0_120m_spatial.geojson","LSOA","2026-05-01T01:32:47","LSOA E01000090 Barking and Dagenham 020E; spatial_match=parcel_centroid_inside_lsoa_polygon","source_reused_no_fake_data","82,97","100","902,4","75,2"
"parcel_15","12,13","Cok Dusuk","4","High confidence verified","True","False","Verified from parcel_security_scores_rechecked_0_120m_spatial.geojson","LSOA","2026-05-01T01:32:47","LSOA E01000090 Barking and Dagenham 020E; spatial_match=parcel_centroid_inside_lsoa_polygon","source_reused_no_fake_data","82,97","100","902,4","75,2"
"parcel_16","72,03","Iyi","4","High confidence verified","True","False","Verified from parcel_security_scores_rechecked_0_120m_spatial.geojson","LSOA","2026-05-01T01:32:47","LSOA E01000039 Barking and Dagenham 003D; spatial_match=parcel_centroid_inside_lsoa_polygon","source_reused_no_fake_data","82,97","100","279,1","23,258333"
"parcel_17","66,95","Iyi","4","High confidence verified","True","False","Verified from parcel_security_scores_rechecked_0_120m_spatial.geojson","LSOA","2026-05-01T01:32:47","LSOA E01000037 Barking and Dagenham 003B; spatial_match=parcel_centroid_inside_lsoa_polygon","source_reused_no_fake_data","82,97","100","303,2","25,266667"
"parcel_18","66,95","Iyi","4","High confidence verified","True","False","Verified from parcel_security_scores_rechecked_0_120m_spatial.geojson","LSOA","2026-05-01T01:32:47","LSOA E01000037 Barking and Dagenham 003B; spatial_match=parcel_centroid_inside_lsoa_polygon","source_reused_no_fake_data","82,97","100","303,2","25,266667"
"parcel_19","72,03","Iyi","4","High confidence verified","True","False","Verified from parcel_security_scores_rechecked_0_120m_spatial.geojson","LSOA","2026-05-01T01:32:47","LSOA E01000039 Barking and Dagenham 003D; spatial_match=parcel_centroid_inside_lsoa_polygon","source_reused_no_fake_data","82,97","100","279,1","23,258333"
"parcel_20","72,03","Iyi","4","High confidence verified","True","False","Verified from parcel_security_scores_rechecked_0_120m_spatial.geojson","LSOA","2026-05-01T01:32:47","LSOA E01000039 Barking and Dagenham 003D; spatial_match=parcel_centroid_inside_lsoa_polygon","source_reused_no_fake_data","82,97","100","279,1","23,258333"
"parcel_21","72,03","Iyi","4","High confidence verified","True","False","Verified from parcel_security_scores_rechecked_0_120m_spatial.geojson","LSOA","2026-05-01T01:32:47","LSOA E01000039 Barking and Dagenham 003D; spatial_match=parcel_centroid_inside_lsoa_polygon","source_reused_no_fake_data","82,97","100","279,1","23,258333"
"parcel_22","72,03","Iyi","4","High confidence verified","True","False","Verified from parcel_security_scores_rechecked_0_120m_spatial.geojson","LSOA","2026-05-01T01:32:47","LSOA E01000039 Barking and Dagenham 003D; spatial_match=parcel_centroid_inside_lsoa_polygon","source_reused_no_fake_data","82,97","100","279,1","23,258333"
"parcel_23","72,03","Iyi","4","High confidence verified","True","False","Verified from parcel_security_scores_rechecked_0_120m_spatial.geojson","LSOA","2026-05-01T01:32:47","LSOA E01000039 Barking and Dagenham 003D; spatial_match=parcel_centroid_inside_lsoa_polygon","source_reused_no_fake_data","82,97","100","279,1","23,258333"
"parcel_24","66,95","Iyi","4","High confidence verified","True","False","Verified from parcel_security_scores_rechecked_0_120m_spatial.geojson","LSOA","2026-05-01T01:32:47","LSOA E01000037 Barking and Dagenham 003B; spatial_match=parcel_centroid_inside_lsoa_polygon","source_reused_no_fake_data","82,97","100","303,2","25,266667"
"parcel_25","66,95","Iyi","4","High confidence verified","True","False","Verified from parcel_security_scores_rechecked_0_120m_spatial.geojson","LSOA","2026-05-01T01:32:47","LSOA E01000037 Barking and Dagenham 003B; spatial_match=parcel_centroid_inside_lsoa_polygon","source_reused_no_fake_data","82,97","100","303,2","25,266667"
"parcel_26","66,95","Iyi","4","High confidence verified","True","False","Verified from parcel_security_scores_rechecked_0_120m_spatial.geojson","LSOA","2026-05-01T01:32:47","LSOA E01000037 Barking and Dagenham 003B; spatial_match=parcel_centroid_inside_lsoa_polygon","source_reused_no_fake_data","82,97","100","303,2","25,266667"
"parcel_27","66,95","Iyi","4","High confidence verified","True","False","Verified from parcel_security_scores_rechecked_0_120m_spatial.geojson","LSOA","2026-05-01T01:32:47","LSOA E01000037 Barking and Dagenham 003B; spatial_match=parcel_centroid_inside_lsoa_polygon","source_reused_no_fake_data","82,97","100","303,2","25,266667"
"parcel_28","72,03","Iyi","4","High confidence verified","True","False","Verified from parcel_security_scores_rechecked_0_120m_spatial.geojson","LSOA","2026-05-01T01:32:47","LSOA E01000039 Barking and Dagenham 003D; spatial_match=parcel_centroid_inside_lsoa_polygon","source_reused_no_fake_data","82,97","100","279,1","23,258333"
"parcel_29","66,95","Iyi","4","High confidence verified","True","False","Verified from parcel_security_scores_rechecked_0_120m_spatial.geojson","LSOA","2026-05-01T01:32:47","LSOA E01000037 Barking and Dagenham 003B; spatial_match=parcel_centroid_inside_lsoa_polygon","source_reused_no_fake_data","82,97","100","303,2","25,266667"
"parcel_30","66,95","Iyi","4","High confidence verified","True","False","Verified from parcel_security_scores_rechecked_0_120m_spatial.geojson","LSOA","2026-05-01T01:32:47","LSOA E01000037 Barking and Dagenham 003B; spatial_match=parcel_centroid_inside_lsoa_polygon","source_reused_no_fake_data","82,97","100","303,2","25,266667"
"parcel_31","46,72","Orta","4","High confidence verified","True","False","Verified from parcel_security_scores_rechecked_0_120m_spatial.geojson","LSOA","2026-05-01T01:32:47","LSOA E01033788 Havering 017I; spatial_match=parcel_centroid_inside_lsoa_polygon","source_reused_no_fake_data","82,97","100","412,1","34,341667"
"parcel_32","72,03","Iyi","4","High confidence verified","True","False","Verified from parcel_security_scores_rechecked_0_120m_spatial.geojson","LSOA","2026-05-01T01:32:47","LSOA E01000039 Barking and Dagenham 003D; spatial_match=parcel_centroid_inside_lsoa_polygon","source_reused_no_fake_data","82,97","100","279,1","23,258333"
"parcel_33","66,95","Iyi","4","High confidence verified","True","False","Verified from parcel_security_scores_rechecked_0_120m_spatial.geojson","LSOA","2026-05-01T01:32:47","LSOA E01000037 Barking and Dagenham 003B; spatial_match=parcel_centroid_inside_lsoa_polygon","source_reused_no_fake_data","82,97","100","303,2","25,266667"
"parcel_34","56,21","Orta","4","High confidence verified","True","False","Verified from parcel_security_scores_rechecked_0_120m_spatial.geojson","LSOA","2026-05-01T01:32:47","LSOA E01000034 Barking and Dagenham 003A; spatial_match=parcel_centroid_inside_lsoa_polygon","source_reused_no_fake_data","82,97","100","357,1","29,758333"
"parcel_35","66,95","Iyi","4","High confidence verified","True","False","Verified from parcel_security_scores_rechecked_0_120m_spatial.geojson","LSOA","2026-05-01T01:32:47","LSOA E01000037 Barking and Dagenham 003B; spatial_match=parcel_centroid_inside_lsoa_polygon","source_reused_no_fake_data","82,97","100","303,2","25,266667"
"parcel_36","66,95","Iyi","4","High confidence verified","True","False","Verified from parcel_security_scores_rechecked_0_120m_spatial.geojson","LSOA","2026-05-01T01:32:47","LSOA E01000037 Barking and Dagenham 003B; spatial_match=parcel_centroid_inside_lsoa_polygon","source_reused_no_fake_data","82,97","100","303,2","25,266667"
"parcel_37","56,21","Orta","4","High confidence verified","True","False","Verified from parcel_security_scores_rechecked_0_120m_spatial.geojson","LSOA","2026-05-01T01:32:47","LSOA E01000034 Barking and Dagenham 003A; spatial_match=parcel_centroid_inside_lsoa_polygon","source_reused_no_fake_data","82,97","100","357,1","29,758333"
"parcel_38","66,95","Iyi","4","High confidence verified","True","False","Verified from parcel_security_scores_rechecked_0_120m_spatial.geojson","LSOA","2026-05-01T01:32:47","LSOA E01000037 Barking and Dagenham 003B; spatial_match=parcel_centroid_inside_lsoa_polygon","source_reused_no_fake_data","82,97","100","303,2","25,266667"
"parcel_39","66,95","Iyi","4","High confidence verified","True","False","Verified from parcel_security_scores_rechecked_0_120m_spatial.geojson","LSOA","2026-05-01T01:32:47","LSOA E01000037 Barking and Dagenham 003B; spatial_match=parcel_centroid_inside_lsoa_polygon","source_reused_no_fake_data","82,97","100","303,2","25,266667"
"parcel_40","66,95","Iyi","4","High confidence verified","True","False","Verified from parcel_security_scores_rechecked_0_120m_spatial.geojson","LSOA","2026-05-01T01:32:47","LSOA E01000037 Barking and Dagenham 003B; spatial_match=parcel_centroid_inside_lsoa_polygon","source_reused_no_fake_data","82,97","100","303,2","25,266667"
"parcel_41","72,03","Iyi","4","High confidence verified","True","False","Verified from parcel_security_scores_rechecked_0_120m_spatial.geojson","LSOA","2026-05-01T01:32:47","LSOA E01000039 Barking and Dagenham 003D; spatial_match=parcel_centroid_inside_lsoa_polygon","source_reused_no_fake_data","82,97","100","279,1","23,258333"
"parcel_42","66,95","Iyi","4","High confidence verified","True","False","Verified from parcel_security_scores_rechecked_0_120m_spatial.geojson","LSOA","2026-05-01T01:32:47","LSOA E01000037 Barking and Dagenham 003B; spatial_match=parcel_centroid_inside_lsoa_polygon","source_reused_no_fake_data","82,97","100","303,2","25,266667"
"parcel_43","66,95","Iyi","4","High confidence verified","True","False","Verified from parcel_security_scores_rechecked_0_120m_spatial.geojson","LSOA","2026-05-01T01:32:47","LSOA E01000037 Barking and Dagenham 003B; spatial_match=parcel_centroid_inside_lsoa_polygon","source_reused_no_fake_data","82,97","100","303,2","25,266667"
"parcel_44","72,03","Iyi","4","High confidence verified","True","False","Verified from parcel_security_scores_rechecked_0_120m_spatial.geojson","LSOA","2026-05-01T01:32:47","LSOA E01000039 Barking and Dagenham 003D; spatial_match=parcel_centroid_inside_lsoa_polygon","source_reused_no_fake_data","82,97","100","279,1","23,258333"
"parcel_45","72,03","Iyi","4","High confidence verified","True","False","Verified from parcel_security_scores_rechecked_0_120m_spatial.geojson","LSOA","2026-05-01T01:32:47","LSOA E01000039 Barking and Dagenham 003D; spatial_match=parcel_centroid_inside_lsoa_polygon","source_reused_no_fake_data","82,97","100","279,1","23,258333"
"parcel_46","72,03","Iyi","4","High confidence verified","True","False","Verified from parcel_security_scores_rechecked_0_120m_spatial.geojson","LSOA","2026-05-01T01:32:47","LSOA E01000039 Barking and Dagenham 003D; spatial_match=parcel_centroid_inside_lsoa_polygon","source_reused_no_fake_data","82,97","100","279,1","23,258333"
"parcel_47","72,03","Iyi","4","High confidence verified","True","False","Verified from parcel_security_scores_rechecked_0_120m_spatial.geojson","LSOA","2026-05-01T01:32:47","LSOA E01000039 Barking and Dagenham 003D; spatial_match=parcel_centroid_inside_lsoa_polygon","source_reused_no_fake_data","82,97","100","279,1","23,258333"
"parcel_48","72,03","Iyi","4","High confidence verified","True","False","Verified from parcel_security_scores_rechecked_0_120m_spatial.geojson","LSOA","2026-05-01T01:32:47","LSOA E01000039 Barking and Dagenham 003D; spatial_match=parcel_centroid_inside_lsoa_polygon","source_reused_no_fake_data","82,97","100","279,1","23,258333"
"parcel_49","56,21","Orta","4","High confidence verified","True","False","Verified from parcel_security_scores_rechecked_0_120m_spatial.geojson","LSOA","2026-05-01T01:32:47","LSOA E01000034 Barking and Dagenham 003A; spatial_match=parcel_centroid_inside_lsoa_polygon","source_reused_no_fake_data","82,97","100","357,1","29,758333"
"parcel_50","72,03","Iyi","4","High confidence verified","True","False","Verified from parcel_security_scores_rechecked_0_120m_spatial.geojson","LSOA","2026-05-01T01:32:47","LSOA E01000039 Barking and Dagenham 003D; spatial_match=parcel_centroid_inside_lsoa_polygon","source_reused_no_fake_data","82,97","100","279,1","23,258333"
"parcel_51","56,21","Orta","4","High confidence verified","True","False","Verified from parcel_security_scores_rechecked_0_120m_spatial.geojson","LSOA","2026-05-01T01:32:47","LSOA E01000034 Barking and Dagenham 003A; spatial_match=parcel_centroid_inside_lsoa_polygon","source_reused_no_fake_data","82,97","100","357,1","29,758333"
"parcel_52","56,21","Orta","4","High confidence verified","True","False","Verified from parcel_security_scores_rechecked_0_120m_spatial.geojson","LSOA","2026-05-01T01:32:47","LSOA E01000034 Barking and Dagenham 003A; spatial_match=parcel_centroid_inside_lsoa_polygon","source_reused_no_fake_data","82,97","100","357,1","29,758333"
"parcel_53","72,03","Iyi","4","High confidence verified","True","False","Verified from parcel_security_scores_rechecked_0_120m_spatial.geojson","LSOA","2026-05-01T01:32:47","LSOA E01000039 Barking and Dagenham 003D; spatial_match=parcel_centroid_inside_lsoa_polygon","source_reused_no_fake_data","82,97","100","279,1","23,258333"
"parcel_54","56,21","Orta","4","High confidence verified","True","False","Verified from parcel_security_scores_rechecked_0_120m_spatial.geojson","LSOA","2026-05-01T01:32:47","LSOA E01000034 Barking and Dagenham 003A; spatial_match=parcel_centroid_inside_lsoa_polygon","source_reused_no_fake_data","82,97","100","357,1","29,758333"
"parcel_55","72,03","Iyi","4","High confidence verified","True","False","Verified from parcel_security_scores_rechecked_0_120m_spatial.geojson","LSOA","2026-05-01T01:32:47","LSOA E01000039 Barking and Dagenham 003D; spatial_match=parcel_centroid_inside_lsoa_polygon","source_reused_no_fake_data","82,97","100","279,1","23,258333"
"parcel_56","72,03","Iyi","4","High confidence verified","True","False","Verified from parcel_security_scores_rechecked_0_120m_spatial.geojson","LSOA","2026-05-01T01:32:47","LSOA E01000039 Barking and Dagenham 003D; spatial_match=parcel_centroid_inside_lsoa_polygon","source_reused_no_fake_data","82,97","100","279,1","23,258333"
"parcel_57","72,03","Iyi","4","High confidence verified","True","False","Verified from parcel_security_scores_rechecked_0_120m_spatial.geojson","LSOA","2026-05-01T01:32:47","LSOA E01000039 Barking and Dagenham 003D; spatial_match=parcel_centroid_inside_lsoa_polygon","source_reused_no_fake_data","82,97","100","279,1","23,258333"
"parcel_58","72,03","Iyi","4","High confidence verified","True","False","Verified from parcel_security_scores_rechecked_0_120m_spatial.geojson","LSOA","2026-05-01T01:32:47","LSOA E01000039 Barking and Dagenham 003D; spatial_match=parcel_centroid_inside_lsoa_polygon","source_reused_no_fake_data","82,97","100","279,1","23,258333"
"parcel_59","72,03","Iyi","4","High confidence verified","True","False","Verified from parcel_security_scores_rechecked_0_120m_spatial.geojson","LSOA","2026-05-01T01:32:47","LSOA E01000039 Barking and Dagenham 003D; spatial_match=parcel_centroid_inside_lsoa_polygon","source_reused_no_fake_data","82,97","100","279,1","23,258333"
"parcel_60","72,03","Iyi","4","High confidence verified","True","False","Verified from parcel_security_scores_rechecked_0_120m_spatial.geojson","LSOA","2026-05-01T01:32:47","LSOA E01000039 Barking and Dagenham 003D; spatial_match=parcel_centroid_inside_lsoa_polygon","source_reused_no_fake_data","82,97","100","279,1","23,258333"
"parcel_61","66,81","Iyi","4","High confidence verified","True","False","Verified from parcel_security_scores_rechecked_0_120m_spatial.geojson","LSOA","2026-05-01T01:32:47","LSOA E01000107 Barking and Dagenham 010C; spatial_match=parcel_centroid_inside_lsoa_polygon","source_reused_no_fake_data","82,97","100","304,4","25,366667"
"parcel_62","66,81","Iyi","4","High confidence verified","True","False","Verified from parcel_security_scores_rechecked_0_120m_spatial.geojson","LSOA","2026-05-01T01:32:47","LSOA E01000107 Barking and Dagenham 010C; spatial_match=parcel_centroid_inside_lsoa_polygon","source_reused_no_fake_data","82,97","100","304,4","25,366667"
"parcel_63","31,56","Dusuk","4","High confidence verified","True","False","Verified from parcel_security_scores_rechecked_0_120m_spatial.geojson","LSOA","2026-05-01T01:32:47","LSOA E01000045 Barking and Dagenham 017C; spatial_match=parcel_centroid_inside_lsoa_polygon","source_reused_no_fake_data","82,97","100","530,1","44,175"
"parcel_64","66,81","Iyi","4","High confidence verified","True","False","Verified from parcel_security_scores_rechecked_0_120m_spatial.geojson","LSOA","2026-05-01T01:32:47","LSOA E01000107 Barking and Dagenham 010C; spatial_match=parcel_centroid_inside_lsoa_polygon","source_reused_no_fake_data","82,97","100","304,4","25,366667"
"parcel_65","66,81","Iyi","4","High confidence verified","True","False","Verified from parcel_security_scores_rechecked_0_120m_spatial.geojson","LSOA","2026-05-01T01:32:47","LSOA E01000107 Barking and Dagenham 010C; spatial_match=parcel_centroid_inside_lsoa_polygon","source_reused_no_fake_data","82,97","100","304,4","25,366667"
"parcel_66","66,81","Iyi","4","High confidence verified","True","False","Verified from parcel_security_scores_rechecked_0_120m_spatial.geojson","LSOA","2026-05-01T01:32:47","LSOA E01000107 Barking and Dagenham 010C; spatial_match=parcel_centroid_inside_lsoa_polygon","source_reused_no_fake_data","82,97","100","304,4","25,366667"
"parcel_67","66,81","Iyi","4","High confidence verified","True","False","Verified from parcel_security_scores_rechecked_0_120m_spatial.geojson","LSOA","2026-05-01T01:32:47","LSOA E01000107 Barking and Dagenham 010C; spatial_match=parcel_centroid_inside_lsoa_polygon","source_reused_no_fake_data","82,97","100","304,4","25,366667"
"parcel_68","66,81","Iyi","4","High confidence verified","True","False","Verified from parcel_security_scores_rechecked_0_120m_spatial.geojson","LSOA","2026-05-01T01:32:47","LSOA E01000107 Barking and Dagenham 010C; spatial_match=parcel_centroid_inside_lsoa_polygon","source_reused_no_fake_data","82,97","100","304,4","25,366667"
"parcel_69","66,81","Iyi","4","High confidence verified","True","False","Verified from parcel_security_scores_rechecked_0_120m_spatial.geojson","LSOA","2026-05-01T01:32:47","LSOA E01000107 Barking and Dagenham 010C; spatial_match=parcel_centroid_inside_lsoa_polygon","source_reused_no_fake_data","82,97","100","304,4","25,366667"
"parcel_70","66,81","Iyi","4","High confidence verified","True","False","Verified from parcel_security_scores_rechecked_0_120m_spatial.geojson","LSOA","2026-05-01T01:32:47","LSOA E01000107 Barking and Dagenham 010C; spatial_match=parcel_centroid_inside_lsoa_polygon","source_reused_no_fake_data","82,97","100","304,4","25,366667"
"parcel_71","28,88","Dusuk","4","High confidence verified","True","False","Verified from parcel_security_scores_rechecked_0_120m_spatial.geojson","LSOA","2026-05-01T01:32:47","LSOA E01000104 Barking and Dagenham 014B; spatial_match=parcel_centroid_inside_lsoa_polygon","source_reused_no_fake_data","82,97","100","557,5","46,458333"
"parcel_72","31,06","Dusuk","4","High confidence verified","True","False","Verified from parcel_security_scores_rechecked_0_120m_spatial.geojson","LSOA","2026-05-01T01:32:47","LSOA E01000108 Barking and Dagenham 010D; spatial_match=parcel_centroid_inside_lsoa_polygon","source_reused_no_fake_data","82,97","100","535,5","44,625"
"parcel_73","66,81","Iyi","4","High confidence verified","True","False","Verified from parcel_security_scores_rechecked_0_120m_spatial.geojson","LSOA","2026-05-01T01:32:47","LSOA E01000107 Barking and Dagenham 010C; spatial_match=parcel_centroid_inside_lsoa_polygon","source_reused_no_fake_data","82,97","100","304,4","25,366667"
"parcel_74","66,81","Iyi","4","High confidence verified","True","False","Verified from parcel_security_scores_rechecked_0_120m_spatial.geojson","LSOA","2026-05-01T01:32:47","LSOA E01000107 Barking and Dagenham 010C; spatial_match=parcel_centroid_inside_lsoa_polygon","source_reused_no_fake_data","82,97","100","304,4","25,366667"
"parcel_75","66,81","Iyi","4","High confidence verified","True","False","Verified from parcel_security_scores_rechecked_0_120m_spatial.geojson","LSOA","2026-05-01T01:32:47","LSOA E01000107 Barking and Dagenham 010C; spatial_match=parcel_centroid_inside_lsoa_polygon","source_reused_no_fake_data","82,97","100","304,4","25,366667"
"parcel_76","66,81","Iyi","4","High confidence verified","True","False","Verified from parcel_security_scores_rechecked_0_120m_spatial.geojson","LSOA","2026-05-01T01:32:47","LSOA E01000107 Barking and Dagenham 010C; spatial_match=parcel_centroid_inside_lsoa_polygon","source_reused_no_fake_data","82,97","100","304,4","25,366667"
"parcel_77","28,88","Dusuk","4","High confidence verified","True","False","Verified from parcel_security_scores_rechecked_0_120m_spatial.geojson","LSOA","2026-05-01T01:32:47","LSOA E01000104 Barking and Dagenham 014B; spatial_match=parcel_centroid_inside_lsoa_polygon","source_reused_no_fake_data","82,97","100","557,5","46,458333"
"parcel_78","52,1","Orta","4","High confidence verified","True","False","Verified from parcel_security_scores_rechecked_0_120m_spatial.geojson","LSOA","2026-05-01T01:32:47","LSOA E01000103 Barking and Dagenham 014A; spatial_match=parcel_centroid_inside_lsoa_polygon","source_reused_no_fake_data","82,97","100","380,8","31,733333"
"parcel_79","28,88","Dusuk","4","High confidence verified","True","False","Verified from parcel_security_scores_rechecked_0_120m_spatial.geojson","LSOA","2026-05-01T01:32:47","LSOA E01000104 Barking and Dagenham 014B; spatial_match=parcel_centroid_inside_lsoa_polygon","source_reused_no_fake_data","82,97","100","557,5","46,458333"
"parcel_80","28,88","Dusuk","4","High confidence verified","True","False","Verified from parcel_security_scores_rechecked_0_120m_spatial.geojson","LSOA","2026-05-01T01:32:47","LSOA E01000104 Barking and Dagenham 014B; spatial_match=parcel_centroid_inside_lsoa_polygon","source_reused_no_fake_data","82,97","100","557,5","46,458333"
"parcel_81","31,06","Dusuk","4","High confidence verified","True","False","Verified from parcel_security_scores_rechecked_0_120m_spatial.geojson","LSOA","2026-05-01T01:32:47","LSOA E01000108 Barking and Dagenham 010D; spatial_match=parcel_centroid_inside_lsoa_polygon","source_reused_no_fake_data","82,97","100","535,5","44,625"
"parcel_82","22,8","Dusuk","4","High confidence verified","True","False","Verified from parcel_security_scores_rechecked_0_120m_spatial.geojson","LSOA","2026-05-01T01:32:47","LSOA E01000036 Barking and Dagenham 010B; spatial_match=parcel_centroid_inside_lsoa_polygon","source_reused_no_fake_data","82,97","100","643,3","53,608333"
"parcel_83","66,81","Iyi","4","High confidence verified","True","False","Verified from parcel_security_scores_rechecked_0_120m_spatial.geojson","LSOA","2026-05-01T01:32:47","LSOA E01000107 Barking and Dagenham 010C; spatial_match=parcel_centroid_inside_lsoa_polygon","source_reused_no_fake_data","82,97","100","304,4","25,366667"
"parcel_84","52,1","Orta","4","High confidence verified","True","False","Verified from parcel_security_scores_rechecked_0_120m_spatial.geojson","LSOA","2026-05-01T01:32:47","LSOA E01000103 Barking and Dagenham 014A; spatial_match=parcel_centroid_inside_lsoa_polygon","source_reused_no_fake_data","82,97","100","380,8","31,733333"
"parcel_85","52,1","Orta","4","High confidence verified","True","False","Verified from parcel_security_scores_rechecked_0_120m_spatial.geojson","LSOA","2026-05-01T01:32:47","LSOA E01000103 Barking and Dagenham 014A; spatial_match=parcel_centroid_inside_lsoa_polygon","source_reused_no_fake_data","82,97","100","380,8","31,733333"
"parcel_86","52,1","Orta","4","High confidence verified","True","False","Verified from parcel_security_scores_rechecked_0_120m_spatial.geojson","LSOA","2026-05-01T01:32:47","LSOA E01000103 Barking and Dagenham 014A; spatial_match=parcel_centroid_inside_lsoa_polygon","source_reused_no_fake_data","82,97","100","380,8","31,733333"
"parcel_87","52,1","Orta","4","High confidence verified","True","False","Verified from parcel_security_scores_rechecked_0_120m_spatial.geojson","LSOA","2026-05-01T01:32:47","LSOA E01000103 Barking and Dagenham 014A; spatial_match=parcel_centroid_inside_lsoa_polygon","source_reused_no_fake_data","82,97","100","380,8","31,733333"
"parcel_88","52,1","Orta","4","High confidence verified","True","False","Verified from parcel_security_scores_rechecked_0_120m_spatial.geojson","LSOA","2026-05-01T01:32:47","LSOA E01000103 Barking and Dagenham 014A; spatial_match=parcel_centroid_inside_lsoa_polygon","source_reused_no_fake_data","82,97","100","380,8","31,733333"
"parcel_89","52,1","Orta","4","High confidence verified","True","False","Verified from parcel_security_scores_rechecked_0_120m_spatial.geojson","LSOA","2026-05-01T01:32:47","LSOA E01000103 Barking and Dagenham 014A; spatial_match=parcel_centroid_inside_lsoa_polygon","source_reused_no_fake_data","82,97","100","380,8","31,733333"
"parcel_90","52,1","Orta","4","High confidence verified","True","False","Verified from parcel_security_scores_rechecked_0_120m_spatial.geojson","LSOA","2026-05-01T01:32:47","LSOA E01000103 Barking and Dagenham 014A; spatial_match=parcel_centroid_inside_lsoa_polygon","source_reused_no_fake_data","82,97","100","380,8","31,733333"
"parcel_91","48,17","Orta","4","High confidence verified","True","False","Verified from parcel_security_scores_rechecked_0_120m_spatial.geojson","LSOA","2026-05-01T01:32:47","LSOA E01000089 Barking and Dagenham 020D; spatial_match=parcel_centroid_inside_lsoa_polygon","source_reused_no_fake_data","82,97","100","403,8","33,65"
"parcel_92","48,17","Orta","4","High confidence verified","True","False","Verified from parcel_security_scores_rechecked_0_120m_spatial.geojson","LSOA","2026-05-01T01:32:47","LSOA E01000089 Barking and Dagenham 020D; spatial_match=parcel_centroid_inside_lsoa_polygon","source_reused_no_fake_data","82,97","100","403,8","33,65"
"parcel_93","48,17","Orta","4","High confidence verified","True","False","Verified from parcel_security_scores_rechecked_0_120m_spatial.geojson","LSOA","2026-05-01T01:32:47","LSOA E01000089 Barking and Dagenham 020D; spatial_match=parcel_centroid_inside_lsoa_polygon","source_reused_no_fake_data","82,97","100","403,8","33,65"
"parcel_94","48,17","Orta","4","High confidence verified","True","False","Verified from parcel_security_scores_rechecked_0_120m_spatial.geojson","LSOA","2026-05-01T01:32:47","LSOA E01000089 Barking and Dagenham 020D; spatial_match=parcel_centroid_inside_lsoa_polygon","source_reused_no_fake_data","82,97","100","403,8","33,65"
"parcel_95","48,17","Orta","4","High confidence verified","True","False","Verified from parcel_security_scores_rechecked_0_120m_spatial.geojson","LSOA","2026-05-01T01:32:47","LSOA E01000089 Barking and Dagenham 020D; spatial_match=parcel_centroid_inside_lsoa_polygon","source_reused_no_fake_data","82,97","100","403,8","33,65"
"parcel_96","48,17","Orta","4","High confidence verified","True","False","Verified from parcel_security_scores_rechecked_0_120m_spatial.geojson","LSOA","2026-05-01T01:32:47","LSOA E01000089 Barking and Dagenham 020D; spatial_match=parcel_centroid_inside_lsoa_polygon","source_reused_no_fake_data","82,97","100","403,8","33,65"
"parcel_97","12,13","Cok Dusuk","4","High confidence verified","True","False","Verified from parcel_security_scores_rechecked_0_120m_spatial.geojson","LSOA","2026-05-01T01:32:47","LSOA E01000090 Barking and Dagenham 020E; spatial_match=parcel_centroid_inside_lsoa_polygon","source_reused_no_fake_data","82,97","100","902,4","75,2"
"parcel_98","12,13","Cok Dusuk","4","High confidence verified","True","False","Verified from parcel_security_scores_rechecked_0_120m_spatial.geojson","LSOA","2026-05-01T01:32:47","LSOA E01000090 Barking and Dagenham 020E; spatial_match=parcel_centroid_inside_lsoa_polygon","source_reused_no_fake_data","82,97","100","902,4","75,2"
"parcel_99","48,17","Orta","4","High confidence verified","True","False","Verified from parcel_security_scores_rechecked_0_120m_spatial.geojson","LSOA","2026-05-01T01:32:47","LSOA E01000089 Barking and Dagenham 020D; spatial_match=parcel_centroid_inside_lsoa_polygon","source_reused_no_fake_data","82,97","100","403,8","33,65"
"parcel_100","31,06","Dusuk","4","High confidence verified","True","False","Verified from parcel_security_scores_rechecked_0_120m_spatial.geojson","LSOA","2026-05-01T01:32:47","LSOA E01000108 Barking and Dagenham 010D; spatial_match=parcel_centroid_inside_lsoa_polygon","source_reused_no_fake_data","82,97","100","535,5","44,625"
"parcel_101","28,88","Dusuk","4","High confidence verified","True","False","Verified from parcel_security_scores_rechecked_0_120m_spatial.geojson","LSOA","2026-05-01T01:32:47","LSOA E01000104 Barking and Dagenham 014B; spatial_match=parcel_centroid_inside_lsoa_polygon","source_reused_no_fake_data","82,97","100","557,5","46,458333"
"parcel_102","52,1","Orta","4","High confidence verified","True","False","Verified from parcel_security_scores_rechecked_0_120m_spatial.geojson","LSOA","2026-05-01T01:32:47","LSOA E01000103 Barking and Dagenham 014A; spatial_match=parcel_centroid_inside_lsoa_polygon","source_reused_no_fake_data","82,97","100","380,8","31,733333"
"parcel_103","20,81","Dusuk","4","High confidence verified","True","False","Verified from parcel_security_scores_rechecked_0_120m_spatial.geojson","LSOA","2026-05-01T01:32:47","LSOA E01000035 Barking and Dagenham 010A; spatial_match=parcel_centroid_inside_lsoa_polygon","source_reused_no_fake_data","82,97","100","675,4","56,283333"
"parcel_104","66,81","Iyi","4","High confidence verified","True","False","Verified from parcel_security_scores_rechecked_0_120m_spatial.geojson","LSOA","2026-05-01T01:32:47","LSOA E01000107 Barking and Dagenham 010C; spatial_match=parcel_centroid_inside_lsoa_polygon","source_reused_no_fake_data","82,97","100","304,4","25,366667"
"parcel_105","28,88","Dusuk","4","High confidence verified","True","False","Verified from parcel_security_scores_rechecked_0_120m_spatial.geojson","LSOA","2026-05-01T01:32:47","LSOA E01000104 Barking and Dagenham 014B; spatial_match=parcel_centroid_inside_lsoa_polygon","source_reused_no_fake_data","82,97","100","557,5","46,458333"
"parcel_106","52,1","Orta","4","High confidence verified","True","False","Verified from parcel_security_scores_rechecked_0_120m_spatial.geojson","LSOA","2026-05-01T01:32:47","LSOA E01000103 Barking and Dagenham 014A; spatial_match=parcel_centroid_inside_lsoa_polygon","source_reused_no_fake_data","82,97","100","380,8","31,733333"
"parcel_107","52,1","Orta","4","High confidence verified","True","False","Verified from parcel_security_scores_rechecked_0_120m_spatial.geojson","LSOA","2026-05-01T01:32:47","LSOA E01000103 Barking and Dagenham 014A; spatial_match=parcel_centroid_inside_lsoa_polygon","source_reused_no_fake_data","82,97","100","380,8","31,733333"
"parcel_108","28,88","Dusuk","4","High confidence verified","True","False","Verified from parcel_security_scores_rechecked_0_120m_spatial.geojson","LSOA","2026-05-01T01:32:47","LSOA E01000104 Barking and Dagenham 014B; spatial_match=parcel_centroid_inside_lsoa_polygon","source_reused_no_fake_data","82,97","100","557,5","46,458333"
"parcel_109","28,88","Dusuk","4","High confidence verified","True","False","Verified from parcel_security_scores_rechecked_0_120m_spatial.geojson","LSOA","2026-05-01T01:32:47","LSOA E01000104 Barking and Dagenham 014B; spatial_match=parcel_centroid_inside_lsoa_polygon","source_reused_no_fake_data","82,97","100","557,5","46,458333"
"parcel_110","31,06","Dusuk","4","High confidence verified","True","False","Verified from parcel_security_scores_rechecked_0_120m_spatial.geojson","LSOA","2026-05-01T01:32:47","LSOA E01000108 Barking and Dagenham 010D; spatial_match=parcel_centroid_inside_lsoa_polygon","source_reused_no_fake_data","82,97","100","535,5","44,625"
"parcel_111","31,06","Dusuk","4","High confidence verified","True","False","Verified from parcel_security_scores_rechecked_0_120m_spatial.geojson","LSOA","2026-05-01T01:32:47","LSOA E01000108 Barking and Dagenham 010D; spatial_match=parcel_centroid_inside_lsoa_polygon","source_reused_no_fake_data","82,97","100","535,5","44,625"
"parcel_112","31,06","Dusuk","4","High confidence verified","True","False","Verified from parcel_security_scores_rechecked_0_120m_spatial.geojson","LSOA","2026-05-01T01:32:47","LSOA E01000108 Barking and Dagenham 010D; spatial_match=parcel_centroid_inside_lsoa_polygon","source_reused_no_fake_data","82,97","100","535,5","44,625"
"parcel_113","31,06","Dusuk","4","High confidence verified","True","False","Verified from parcel_security_scores_rechecked_0_120m_spatial.geojson","LSOA","2026-05-01T01:32:47","LSOA E01000108 Barking and Dagenham 010D; spatial_match=parcel_centroid_inside_lsoa_polygon","source_reused_no_fake_data","82,97","100","535,5","44,625"
"parcel_114","31,06","Dusuk","4","High confidence verified","True","False","Verified from parcel_security_scores_rechecked_0_120m_spatial.geojson","LSOA","2026-05-01T01:32:47","LSOA E01000108 Barking and Dagenham 010D; spatial_match=parcel_centroid_inside_lsoa_polygon","source_reused_no_fake_data","82,97","100","535,5","44,625"
"parcel_115","28,88","Dusuk","4","High confidence verified","True","False","Verified from parcel_security_scores_rechecked_0_120m_spatial.geojson","LSOA","2026-05-01T01:32:47","LSOA E01000104 Barking and Dagenham 014B; spatial_match=parcel_centroid_inside_lsoa_polygon","source_reused_no_fake_data","82,97","100","557,5","46,458333"
"parcel_116","28,88","Dusuk","4","High confidence verified","True","False","Verified from parcel_security_scores_rechecked_0_120m_spatial.geojson","LSOA","2026-05-01T01:32:47","LSOA E01000104 Barking and Dagenham 014B; spatial_match=parcel_centroid_inside_lsoa_polygon","source_reused_no_fake_data","82,97","100","557,5","46,458333"
"parcel_117","52,1","Orta","4","High confidence verified","True","False","Verified from parcel_security_scores_rechecked_0_120m_spatial.geojson","LSOA","2026-05-01T01:32:47","LSOA E01000103 Barking and Dagenham 014A; spatial_match=parcel_centroid_inside_lsoa_polygon","source_reused_no_fake_data","82,97","100","380,8","31,733333"
"parcel_118","31,06","Dusuk","4","High confidence verified","True","False","Verified from parcel_security_scores_rechecked_0_120m_spatial.geojson","LSOA","2026-05-01T01:32:47","LSOA E01000108 Barking and Dagenham 010D; spatial_match=parcel_centroid_inside_lsoa_polygon","source_reused_no_fake_data","82,97","100","535,5","44,625"
"parcel_119","22,8","Dusuk","4","High confidence verified","True","False","Verified from parcel_security_scores_rechecked_0_120m_spatial.geojson","LSOA","2026-05-01T01:32:47","LSOA E01000036 Barking and Dagenham 010B; spatial_match=parcel_centroid_inside_lsoa_polygon","source_reused_no_fake_data","82,97","100","643,3","53,608333"
"parcel_120","22,8","Dusuk","4","High confidence verified","True","False","Verified from parcel_security_scores_rechecked_0_120m_spatial.geojson","LSOA","2026-05-01T01:32:47","LSOA E01000036 Barking and Dagenham 010B; spatial_match=parcel_centroid_inside_lsoa_polygon","source_reused_no_fake_data","82,97","100","643,3","53,608333"
"parcel_121","20,81","Dusuk","4","High confidence verified","True","False","Verified from parcel_security_scores_rechecked_0_120m_spatial.geojson","LSOA","2026-05-01T01:32:47","LSOA E01000035 Barking and Dagenham 010A; spatial_match=parcel_centroid_inside_lsoa_polygon","source_reused_no_fake_data","82,97","100","675,4","56,283333"
"parcel_122","22,8","Dusuk","4","High confidence verified","True","False","Verified from parcel_security_scores_rechecked_0_120m_spatial.geojson","LSOA","2026-05-01T01:32:47","LSOA E01000036 Barking and Dagenham 010B; spatial_match=parcel_centroid_inside_lsoa_polygon","source_reused_no_fake_data","82,97","100","643,3","53,608333"
"parcel_123","22,8","Dusuk","4","High confidence verified","True","False","Verified from parcel_security_scores_rechecked_0_120m_spatial.geojson","LSOA","2026-05-01T01:32:47","LSOA E01000036 Barking and Dagenham 010B; spatial_match=parcel_centroid_inside_lsoa_polygon","source_reused_no_fake_data","82,97","100","643,3","53,608333"
"parcel_124","31,06","Dusuk","4","High confidence verified","True","False","Verified from parcel_security_scores_rechecked_0_120m_spatial.geojson","LSOA","2026-05-01T01:32:47","LSOA E01000108 Barking and Dagenham 010D; spatial_match=parcel_centroid_inside_lsoa_polygon","source_reused_no_fake_data","82,97","100","535,5","44,625"
"parcel_125","28,88","Dusuk","4","High confidence verified","True","False","Verified from parcel_security_scores_rechecked_0_120m_spatial.geojson","LSOA","2026-05-01T01:32:47","LSOA E01000104 Barking and Dagenham 014B; spatial_match=parcel_centroid_inside_lsoa_polygon","source_reused_no_fake_data","82,97","100","557,5","46,458333"
"parcel_126","31,06","Dusuk","4","High confidence verified","True","False","Verified from parcel_security_scores_rechecked_0_120m_spatial.geojson","LSOA","2026-05-01T01:32:47","LSOA E01000108 Barking and Dagenham 010D; spatial_match=parcel_centroid_inside_lsoa_polygon","source_reused_no_fake_data","82,97","100","535,5","44,625"
"parcel_127","28,88","Dusuk","4","High confidence verified","True","False","Verified from parcel_security_scores_rechecked_0_120m_spatial.geojson","LSOA","2026-05-01T01:32:47","LSOA E01000104 Barking and Dagenham 014B; spatial_match=parcel_centroid_inside_lsoa_polygon","source_reused_no_fake_data","82,97","100","557,5","46,458333"
"parcel_128","31,06","Dusuk","4","High confidence verified","True","False","Verified from parcel_security_scores_rechecked_0_120m_spatial.geojson","LSOA","2026-05-01T01:32:47","LSOA E01000108 Barking and Dagenham 010D; spatial_match=parcel_centroid_inside_lsoa_polygon","source_reused_no_fake_data","82,97","100","535,5","44,625"
"parcel_129","20,81","Dusuk","4","High confidence verified","True","False","Verified from parcel_security_scores_rechecked_0_120m_spatial.geojson","LSOA","2026-05-01T01:32:47","LSOA E01000035 Barking and Dagenham 010A; spatial_match=parcel_centroid_inside_lsoa_polygon","source_reused_no_fake_data","82,97","100","675,4","56,283333"
"parcel_130","22,8","Dusuk","4","High confidence verified","True","False","Verified from parcel_security_scores_rechecked_0_120m_spatial.geojson","LSOA","2026-05-01T01:32:47","LSOA E01000036 Barking and Dagenham 010B; spatial_match=parcel_centroid_inside_lsoa_polygon","source_reused_no_fake_data","82,97","100","643,3","53,608333"
"parcel_131","31,06","Dusuk","4","High confidence verified","True","False","Verified from parcel_security_scores_rechecked_0_120m_spatial.geojson","LSOA","2026-05-01T01:32:47","LSOA E01000108 Barking and Dagenham 010D; spatial_match=parcel_centroid_inside_lsoa_polygon","source_reused_no_fake_data","82,97","100","535,5","44,625"
"parcel_132","31,06","Dusuk","4","High confidence verified","True","False","Verified from parcel_security_scores_rechecked_0_120m_spatial.geojson","LSOA","2026-05-01T01:32:47","LSOA E01000108 Barking and Dagenham 010D; spatial_match=parcel_centroid_inside_lsoa_polygon","source_reused_no_fake_data","82,97","100","535,5","44,625"
"parcel_133","22,8","Dusuk","4","High confidence verified","True","False","Verified from parcel_security_scores_rechecked_0_120m_spatial.geojson","LSOA","2026-05-01T01:32:47","LSOA E01000036 Barking and Dagenham 010B; spatial_match=parcel_centroid_inside_lsoa_polygon","source_reused_no_fake_data","82,97","100","643,3","53,608333"
"parcel_134","31,06","Dusuk","4","High confidence verified","True","False","Verified from parcel_security_scores_rechecked_0_120m_spatial.geojson","LSOA","2026-05-01T01:32:47","LSOA E01000108 Barking and Dagenham 010D; spatial_match=parcel_centroid_inside_lsoa_polygon","source_reused_no_fake_data","82,97","100","535,5","44,625"
"parcel_135","22,8","Dusuk","4","High confidence verified","True","False","Verified from parcel_security_scores_rechecked_0_120m_spatial.geojson","LSOA","2026-05-01T01:32:47","LSOA E01000036 Barking and Dagenham 010B; spatial_match=parcel_centroid_inside_lsoa_polygon","source_reused_no_fake_data","82,97","100","643,3","53,608333"
"parcel_136","28,88","Dusuk","4","High confidence verified","True","False","Verified from parcel_security_scores_rechecked_0_120m_spatial.geojson","LSOA","2026-05-01T01:32:47","LSOA E01000104 Barking and Dagenham 014B; spatial_match=parcel_centroid_inside_lsoa_polygon","source_reused_no_fake_data","82,97","100","557,5","46,458333"
"parcel_137","28,88","Dusuk","4","High confidence verified","True","False","Verified from parcel_security_scores_rechecked_0_120m_spatial.geojson","LSOA","2026-05-01T01:32:47","LSOA E01000104 Barking and Dagenham 014B; spatial_match=parcel_centroid_inside_lsoa_polygon","source_reused_no_fake_data","82,97","100","557,5","46,458333"
"parcel_138","28,88","Dusuk","4","High confidence verified","True","False","Verified from parcel_security_scores_rechecked_0_120m_spatial.geojson","LSOA","2026-05-01T01:32:47","LSOA E01000104 Barking and Dagenham 014B; spatial_match=parcel_centroid_inside_lsoa_polygon","source_reused_no_fake_data","82,97","100","557,5","46,458333"
"parcel_139","28,88","Dusuk","4","High confidence verified","True","False","Verified from parcel_security_scores_rechecked_0_120m_spatial.geojson","LSOA","2026-05-01T01:32:47","LSOA E01000104 Barking and Dagenham 014B; spatial_match=parcel_centroid_inside_lsoa_polygon","source_reused_no_fake_data","82,97","100","557,5","46,458333"
"parcel_140","31,06","Dusuk","4","High confidence verified","True","False","Verified from parcel_security_scores_rechecked_0_120m_spatial.geojson","LSOA","2026-05-01T01:32:47","LSOA E01000108 Barking and Dagenham 010D; spatial_match=parcel_centroid_inside_lsoa_polygon","source_reused_no_fake_data","82,97","100","535,5","44,625"
"parcel_141","52,1","Orta","4","High confidence verified","True","False","Verified from parcel_security_scores_rechecked_0_120m_spatial.geojson","LSOA","2026-05-01T01:32:47","LSOA E01000103 Barking and Dagenham 014A; spatial_match=parcel_centroid_inside_lsoa_polygon","source_reused_no_fake_data","82,97","100","380,8","31,733333"
"parcel_142","28,88","Dusuk","4","High confidence verified","True","False","Verified from parcel_security_scores_rechecked_0_120m_spatial.geojson","LSOA","2026-05-01T01:32:47","LSOA E01000104 Barking and Dagenham 014B; spatial_match=parcel_centroid_inside_lsoa_polygon","source_reused_no_fake_data","82,97","100","557,5","46,458333"
"parcel_143","28,88","Dusuk","4","High confidence verified","True","False","Verified from parcel_security_scores_rechecked_0_120m_spatial.geojson","LSOA","2026-05-01T01:32:47","LSOA E01000104 Barking and Dagenham 014B; spatial_match=parcel_centroid_inside_lsoa_polygon","source_reused_no_fake_data","82,97","100","557,5","46,458333"
"parcel_144","28,88","Dusuk","4","High confidence verified","True","False","Verified from parcel_security_scores_rechecked_0_120m_spatial.geojson","LSOA","2026-05-01T01:32:47","LSOA E01000104 Barking and Dagenham 014B; spatial_match=parcel_centroid_inside_lsoa_polygon","source_reused_no_fake_data","82,97","100","557,5","46,458333"
"parcel_145","52,1","Orta","4","High confidence verified","True","False","Verified from parcel_security_scores_rechecked_0_120m_spatial.geojson","LSOA","2026-05-01T01:32:47","LSOA E01000103 Barking and Dagenham 014A; spatial_match=parcel_centroid_inside_lsoa_polygon","source_reused_no_fake_data","82,97","100","380,8","31,733333"
"parcel_146","28,88","Dusuk","4","High confidence verified","True","False","Verified from parcel_security_scores_rechecked_0_120m_spatial.geojson","LSOA","2026-05-01T01:32:47","LSOA E01000104 Barking and Dagenham 014B; spatial_match=parcel_centroid_inside_lsoa_polygon","source_reused_no_fake_data","82,97","100","557,5","46,458333"
"parcel_147","52,1","Orta","4","High confidence verified","True","False","Verified from parcel_security_scores_rechecked_0_120m_spatial.geojson","LSOA","2026-05-01T01:32:47","LSOA E01000103 Barking and Dagenham 014A; spatial_match=parcel_centroid_inside_lsoa_polygon","source_reused_no_fake_data","82,97","100","380,8","31,733333"
"parcel_148","15,44","Cok Dusuk","4","High confidence verified","True","False","Verified from parcel_security_scores_rechecked_0_120m_spatial.geojson","LSOA","2026-05-01T01:32:47","LSOA E01000106 Barking and Dagenham 014D; spatial_match=parcel_centroid_inside_lsoa_polygon","source_reused_no_fake_data","82,97","100","796,2","66,35"
"parcel_149","31,06","Dusuk","4","High confidence verified","True","False","Verified from parcel_security_scores_rechecked_0_120m_spatial.geojson","LSOA","2026-05-01T01:32:47","LSOA E01000108 Barking and Dagenham 010D; spatial_match=parcel_centroid_inside_lsoa_polygon","source_reused_no_fake_data","82,97","100","535,5","44,625"
"parcel_150","15,44","Cok Dusuk","4","High confidence verified","True","False","Verified from parcel_security_scores_rechecked_0_120m_spatial.geojson","LSOA","2026-05-01T01:32:47","LSOA E01000106 Barking and Dagenham 014D; spatial_match=parcel_centroid_inside_lsoa_polygon","source_reused_no_fake_data","82,97","100","796,2","66,35"
