record_ordinal,uprn,postcode,country,lot_id,lot_name,subsidy_control_status,current_gigabit,future_gigabit,local_authority_district_ons_code,local_authority_district_ons,region_ons_code,region_ons,bduk_gis,bduk_gis_contract_scope,bduk_gis_final_coverage_date,bduk_gis_contract_name,bduk_gis_supplier
1,10007455554,BH23 7AU,England,27,Hampshire,Gigabit Grey/Black,true,false,E07000091,New Forest,E12000008,South East,true,Initial,2026-12-31,New Forest,wessex internet
2,10093935305,BH23 7BQ,England,27,Hampshire,Gigabit Grey/Black,true,false,E07000091,New Forest,E12000008,South East,false,Not set,Not set,Not set,Not set
3,10007455757,BH23 7EE,England,27,Hampshire,Gigabit Grey/Black,true,false,E07000091,New Forest,E12000008,South East,true,Initial,2026-12-31,New Forest,wessex internet
4,10093933922,BH23 7EF,England,27,Hampshire,Gigabit Grey/Black,true,false,E07000091,New Forest,E12000008,South East,true,Initial,2026-12-31,New Forest,wessex internet
5,100060470306,BH23 8AJ,England,27,Hampshire,Gigabit Grey/Black,true,false,E07000091,New Forest,E12000008,South East,false,Not set,Not set,Not set,Not set
6,100060469336,BH23 8AW,England,27,Hampshire,Gigabit Grey/Black,true,false,E07000091,New Forest,E12000008,South East,false,Not set,Not set,Not set,Not set
7,100060469958,BH23 8BB,England,27,Hampshire,Gigabit Grey/Black,true,false,E07000091,New Forest,E12000008,South East,false,Not set,Not set,Not set,Not set
8,10013640388,BH23 8BD,England,27,Hampshire,Gigabit Grey/Black,true,false,E07000091,New Forest,E12000008,South East,false,Not set,Not set,Not set,Not set
9,100060470656,BH23 8BJ,England,27,Hampshire,Gigabit Grey/Black,true,false,E07000091,New Forest,E12000008,South East,false,Not set,Not set,Not set,Not set
10,100060469463,BH23 8DB,England,27,Hampshire,Gigabit Grey/Black,true,false,E07000091,New Forest,E12000008,South East,false,Not set,Not set,Not set,Not set
11,10007455521,BH23 8EA,England,27,Hampshire,Gigabit Grey/Black,true,false,E07000091,New Forest,E12000008,South East,true,Initial,2026-12-31,New Forest,wessex internet
12,10007451410,BH23 8EH,England,27,Hampshire,Gigabit Grey/Black,true,false,E07000091,New Forest,E12000008,South East,true,Initial,2026-12-31,New Forest,wessex internet
13,10090353492,BH23 8FG,England,27,Hampshire,Gigabit Grey/Black,true,false,E07000091,New Forest,E12000008,South East,false,Not set,Not set,Not set,Not set
14,100060470445,BH23 8HG,England,27,Hampshire,Gigabit Grey/Black,true,false,E07000091,New Forest,E12000008,South East,false,Not set,Not set,Not set,Not set
15,100062213114,BH23 8JE,England,27,Hampshire,Gigabit Grey/Black,true,false,E07000091,New Forest,E12000008,South East,false,Not set,Not set,Not set,Not set
16,10093931289,BH23 8JT,England,27,Hampshire,Gigabit Grey/Black,true,false,E07000091,New Forest,E12000008,South East,true,Initial,2026-12-31,New Forest,wessex internet
17,10007457264,BH23 8LA,England,27,Hampshire,Gigabit Grey/Black,true,false,E07000091,New Forest,E12000008,South East,true,Initial,2026-12-31,New Forest,wessex internet
18,100060469889,BH23 8LA,England,27,Hampshire,Gigabit Grey/Black,true,false,E07000091,New Forest,E12000008,South East,false,Not set,Not set,Not set,Not set
19,100060469253,BH23 8LG,England,27,Hampshire,Gigabit Grey/Black,true,false,E07000091,New Forest,E12000008,South East,false,Not set,Not set,Not set,Not set
20,100060469399,BH23 8NA,England,27,Hampshire,Gigabit Grey/Black,true,false,E07000091,New Forest,E12000008,South East,false,Not set,Not set,Not set,Not set
21,100060470714,BH23 8NF,England,27,Hampshire,Gigabit Grey/Black,true,false,E07000091,New Forest,E12000008,South East,false,Not set,Not set,Not set,Not set
22,10007464284,BH24 1AF,England,27,Hampshire,Gigabit Grey/Black,true,true,E07000091,New Forest,E12000008,South East,false,Not set,Not set,Not set,Not set
23,100060496126,BH24 1BH,England,27,Hampshire,Gigabit Grey/Black,true,true,E07000091,New Forest,E12000008,South East,false,Not set,Not set,Not set,Not set
24,100060494154,BH24 1DH,England,27,Hampshire,Gigabit Grey/Black,true,false,E07000091,New Forest,E12000008,South East,false,Not set,Not set,Not set,Not set
25,100062213476,BH24 1DR,England,27,Hampshire,Gigabit Grey/Black,true,false,E07000091,New Forest,E12000008,South East,false,Not set,Not set,Not set,Not set
26,100060494478,BH24 1DS,England,27,Hampshire,Gigabit Grey/Black,true,false,E07000091,New Forest,E12000008,South East,false,Not set,Not set,Not set,Not set
27,10007461596,BH24 1DY,England,27,Hampshire,Gigabit Grey/Black,true,true,E07000091,New Forest,E12000008,South East,false,Not set,Not set,Not set,Not set
28,100060493840,BH24 1EF,England,27,Hampshire,Gigabit Grey/Black,true,true,E07000091,New Forest,E12000008,South East,false,Not set,Not set,Not set,Not set
29,10007451021,BH24 1EZ,England,27,Hampshire,Gigabit Grey/Black,true,true,E07000091,New Forest,E12000008,South East,false,Not set,Not set,Not set,Not set
30,100062004441,BH24 1FF,England,27,Hampshire,Gigabit Grey/Black,true,false,E07000091,New Forest,E12000008,South East,false,Not set,Not set,Not set,Not set
31,100060497736,BH24 1HU,England,27,Hampshire,Gigabit Grey/Black,true,true,E07000091,New Forest,E12000008,South East,false,Not set,Not set,Not set,Not set
32,10093934307,BH24 1JF,England,27,Hampshire,Gigabit Grey/Black,true,true,E07000091,New Forest,E12000008,South East,false,Not set,Not set,Not set,Not set
33,100060494400,BH24 1LD,England,27,Hampshire,Gigabit Grey/Black,true,false,E07000091,New Forest,E12000008,South East,false,Not set,Not set,Not set,Not set
34,100060496881,BH24 1LS,England,27,Hampshire,Gigabit Grey/Black,true,true,E07000091,New Forest,E12000008,South East,false,Not set,Not set,Not set,Not set
35,100060496921,BH24 1LX,England,27,Hampshire,Gigabit Grey/Black,true,false,E07000091,New Forest,E12000008,South East,false,Not set,Not set,Not set,Not set
36,100062213593,BH24 1ND,England,27,Hampshire,Gigabit Grey/Black,true,false,E07000091,New Forest,E12000008,South East,false,Not set,Not set,Not set,Not set
37,100060493981,BH24 1NE,England,27,Hampshire,Gigabit Grey/Black,true,false,E07000091,New Forest,E12000008,South East,false,Not set,Not set,Not set,Not set
38,100060497041,BH24 1NF,England,27,Hampshire,Gigabit Grey/Black,true,false,E07000091,New Forest,E12000008,South East,false,Not set,Not set,Not set,Not set
39,100060495688,BH24 1NQ,England,27,Hampshire,Gigabit Grey/Black,true,false,E07000091,New Forest,E12000008,South East,false,Not set,Not set,Not set,Not set
40,10007465351,BH24 1NQ,England,27,Hampshire,Gigabit Grey/Black,true,false,E07000091,New Forest,E12000008,South East,false,Not set,Not set,Not set,Not set
41,100060495687,BH24 1NQ,England,27,Hampshire,Gigabit Grey/Black,true,false,E07000091,New Forest,E12000008,South East,false,Not set,Not set,Not set,Not set
42,10007466217,BH24 1NQ,England,27,Hampshire,Gigabit Grey/Black,true,false,E07000091,New Forest,E12000008,South East,false,Not set,Not set,Not set,Not set
43,100060494384,BH24 1NU,England,27,Hampshire,Gigabit Grey/Black,true,false,E07000091,New Forest,E12000008,South East,false,Not set,Not set,Not set,Not set
44,100060493614,BH24 1NY,England,27,Hampshire,Gigabit Grey/Black,true,false,E07000091,New Forest,E12000008,South East,false,Not set,Not set,Not set,Not set
45,100062004388,BH24 1PE,England,27,Hampshire,Gigabit Grey/Black,true,false,E07000091,New Forest,E12000008,South East,false,Not set,Not set,Not set,Not set
46,10007450222,BH24 1PQ,England,27,Hampshire,Gigabit Grey/Black,true,false,E07000091,New Forest,E12000008,South East,false,Not set,Not set,Not set,Not set
47,100060495057,BH24 1QL,England,27,Hampshire,Gigabit Grey/Black,true,false,E07000091,New Forest,E12000008,South East,false,Not set,Not set,Not set,Not set
48,100060498209,BH24 1QY,England,27,Hampshire,Gigabit Grey/Black,true,false,E07000091,New Forest,E12000008,South East,false,Not set,Not set,Not set,Not set
49,100060495471,BH24 1RH,England,27,Hampshire,Gigabit Grey/Black,true,false,E07000091,New Forest,E12000008,South East,false,Not set,Not set,Not set,Not set
50,100060496586,BH24 1RN,England,27,Hampshire,Gigabit Grey/Black,true,false,E07000091,New Forest,E12000008,South East,false,Not set,Not set,Not set,Not set
